paivamaara,otsikko,tiivistelma,kuva,id
2025-12-29T23:59:16.000Z,Horoskooppi,NULL,https://img.ilcdn.fi/jm9wPlnoWFx5jhlXkB6i6JzE1x4=/510x318/top/img-s3.ilcdn.fi/8d5c61e8c61ff106bc8907444720fdd5e3bdfa0bdec71d9ddc943f19d86978bd.jpg,B42FA73DB9E84EA6A26FEA8583198989
2025-12-30T00:36:04.000Z,Salossa tulvii – Tästä kyse,Vedenjakelussa esiintyy häiriöitä vesiputken rikkoutumisen vuoksi.,https://img.ilcdn.fi/zIJBs5JRVje0L--6GBVizwIRW5s=/510x318/top/img-s3.ilcdn.fi/4dfaab93561f8b950d44688bce02940806f36c78d2e9acc4c797347844d1bf83.jpg,30D7E2B42AC44BC6B5D1B5ED11558F2E
2025-12-30T03:00:09.000Z,Tutkija varoittaa: Puheestasi paljastuu pelottavan paljon tietoa,Puhujan ääni voi paljastaa tunnetiloja ja jopa poliittisen vakaumuksen. Tämä voi hankaloittaa esimerkiksi työpaikan saamista.,https://img.ilcdn.fi/nPb1-UaHzgjIJmN47Dagoa2J8xc=/510x318/top/img-s3.ilcdn.fi/3b527f9ec65fb42f8ac98362e8daa1753c5b50a2b41d343b920baaab1c5b2cfd.jpg,B3CBFD31B9A14397A6033728344FAC45
2025-12-30T03:30:13.000Z,Ylen matkailuohjelmassa moka – Kameroita ei päästetä sisään,Vikin ja Köpin matkailuohjelmasta ilmestyy tänään Areenaan Madridin spesiaalijakso.,https://img.ilcdn.fi/k95DZ_efb9ImgKqnHheaxoYOxR0=/510x318/top/img-s3.ilcdn.fi/f6cc47c2ad8426224511930d5279b01f537dbc4c6622eef2f1ed2a48434e7c56.jpg,85F98E7F9E354C39A0142F48D7D6B58B
2025-12-30T04:00:02.000Z,Kuvat paljastavat: Näin kalliiksi ”yksittäinen typerä päähänpisto” kävi,Nuori mies joutuu korvaamaan 16-vuotiaana tekemästään ilkivallasta lähes 20 000 euroa.,https://img.ilcdn.fi/4mycvF0j3bwYt6CKvGJVRHfOqBA=/510x318/top/img-s3.ilcdn.fi/3806b19bff97525632ea14eab976d48daf62f0af0c0daea59b0344726c3ad479.jpg,3D356B2101444240801B18F7FA3E3822
2025-12-30T04:00:12.000Z,Arvokas verokikka,"Jos olet yrittäjä tai esimerkiksi asuntosijoittaja, nyt on viimeinen hetki kikkailla verojen kanssa. Yksi puhelu verohallintoon voi pelastaa mojovalta laskulta. Tämän lisäkuluerän voi välttää, mikäli tajuaa reagoida ajoissa. Asiantuntija kertoo, miten voit kikkailla verojen kanssa juuri nyt. ",https://img.ilcdn.fi/DcOzoQgXpQ0qG5Nr-ygrQFBx9V4=/510x318/top/img-s3.ilcdn.fi/6c3f6b10c4428fb30031522a2252d0c9fb5b9e3f35c609d4865592f284e298ce.png,AB234253AA2744EA8C234AFA26720E1F
2025-12-30T04:00:32.000Z,Suomalaistähti sai poikkeuksellisen paketin Aurinkorannikolle,Alexander Madsen löysi uuden kodin Kreikasta.,https://img.ilcdn.fi/SreB-y3zSaeC_j_prSmfumQQkjI=/510x318/top/img-s3.ilcdn.fi/67e97d1e56ad3030a9f5192945ea112a4ac714fae45347da3b0627dd86b76418.jpg,EE155B1EB6334AA7BC9B6556348A267E
2025-12-30T04:25:15.000Z,Podcast: Aki Linnanahde jättää Espanjan-kotinsa – Lapsilta suora reaktio,Aki Linnanahde kertoo asiasta Valo Pimiässä -podcastissa.,https://img.ilcdn.fi/nE3RtKmhPHiIm-RxdI54zHFgRKk=/510x318/top/img-s3.ilcdn.fi/47fb976fd0d80a23244e342c4be0e3d3e9007c6948d17aaa7f94bc6c0bedb610.jpg,6AF6723D307546A39B3922035C34E92F
2025-12-30T04:31:32.000Z,Autourheilutähden isä kuoli tulipalossa – Äiti kriittisessä tilassa,Nascar-tähti Denny Hamlinin isä on kuollut.,https://img.ilcdn.fi/zaVeV6aWUuNPdvV-3gYHk9kjJiA=/510x318/top/img-s3.ilcdn.fi/2486eab71aa151aa4ca6b56a224f56d1e83ff37e66620e22733cb2d34bdf1c7d.jpg,2BD11C18E95E4B4683079BCC7A0CEF5B
2025-12-30T04:33:27.000Z,"Antti epäili, että hänen uutena ostamansa katumaasturi olikin esittelyauto – Löi pöytään rajut vaatimukset","Vaatimuksista ei ollut tulla loppua, kun asiakas riitaantui autoliikkeen kanssa.",https://img.ilcdn.fi/U4fOjTfMhPgGOAM0ldboyNgZKY0=/510x318/top/img-s3.ilcdn.fi/6716dc4194fa5aad4a7e72ce1ad18076ae684cf7a01f9a40bacf616fb571bcb4.jpg,ACC9AB44DD5F4022B32F2D6572101A71
2025-12-30T04:57:19.000Z,Varoituskartalle ilmestyi harvinaisempi merkki,Ilmatieteen laitos kertoo uudenvuoden säästä.,https://img.ilcdn.fi/DwJ60SQY2TxS2OtdYKFnqpHwLQE=/510x318/top/img-s3.ilcdn.fi/2524268d6331d668138d14894216d93908829a20a025d78c663060a20815fea7.jpg,0A4F6AB5298E4BEF8756D354147D89F5
2025-12-30T05:00:01.000Z,Oneplussan pieni isoveli,Oppo on läheistä sukua Oneplussalle. Find X9 sopisi hyvin Oneplus 15 -malliston täydennykseksi.,https://img.ilcdn.fi/Ce9a4TKDxyA3WJBkWMBk8QS1lq0=/0x187:3000x2060/510x318/top/img-s3.ilcdn.fi/cc2a36b6496824b14a46a92fa33e3d8947e08f822697d36d6cbce2f905049ef2.jpg,1D561942049F4CB3AEC083F8B5E58E2E
2025-12-30T05:00:30.000Z,Tässä on Suomen yllättäjä – Ei pelkää Kanadaa,Jasper Kuhta on latonut MM-kisoissa jo 1+4=5 tehopistettä. Suomi hävisi Tšekille 2–1 jatkoajalla. ,https://img.ilcdn.fi/U_w2hualdCNEg_Bn2JN_8byU4CI=/510x318/top/img-s3.ilcdn.fi/f4a93a6baabbec12eb6a49e9310100c5a21a08959b07e1e794cb1d1cd13a1c88.jpg,D672B786A099429E9B9FB712876E0E4E
2025-12-30T05:01:48.000Z,"Jos et toimi huomenna, saatat menettää jopa satojen eurojen edun",Työsuhde-edut vanhenevat vuoden viimeisenä päivänä. Keskimäärin noin 10 prosenttia Epassin ja Smartumin liikunta- ja kulttuurieduista jää kokonaan käyttämättä.,https://img.ilcdn.fi/AG2M_n-2HBlkDzRcnQGBC2BO8rA=/510x318/top/img-s3.ilcdn.fi/3c4971b5eb5d2597a02fd4267b80a51b59f6678cc3e4ee45199f31ed9c56422e.jpg,2023DE57AD904F1B8FA38B340B326358
2025-12-30T05:22:05.000Z,Upea soolo! Joel Armia pörssikärkeen näyttävällä yksilösuorituksella,"Sebastian Aho, Anton Lundell ja Joel Armia onnistuivat maalinteossa NHL:ssä.",https://img.ilcdn.fi/EgYIEu37GIgAawcc2yrPbIQw12E=/510x318/top/img-s3.ilcdn.fi/0dd30f1e5b0a7a051bab400404106af557bf450b2ca7f28e48bfe74cf9a43829.jpg,35335CB733EF47D7AA0282B49FFC0E98
2025-12-30T05:24:57.000Z,IS: Temptation Islandista tuttu Anna teki uskomattoman muodonmuutoksen – Kertoo nyt miksi,Temptation Islandista julkisuuteen ponnahtanutta Anna Roinista ei ole tunnistaa tuoreista kuvista. Nyt hän kertoo Ilta-Sanomille muodonmuutoksen taustoista. ,https://img.ilcdn.fi/6fsUh4vS58skZ2ZbS0waGdnzO-k=/510x318/top/img-s3.ilcdn.fi/6204dc16a8f219ababf6adf2694b21bc56398565ccbe85d99732de3743dc7150.png,16BA44AADAFD4835AA0FB0FA8817B09B
2025-12-30T05:50:52.000Z,Suorat sanat romahtaneesta Krista Pärmäkoskesta: Hiihto kuin kävelyä – Heti ulos Tourilta,Asiantuntija analysoi uransa heikoimman 10 kilometrin kilpailun hiihtänyttä suomalaista.,https://img.ilcdn.fi/Xhs1sc__7R9FC_MCYZ0NuN2EqoU=/510x318/top/img-s3.ilcdn.fi/531893a7467b68c9928e326b419a6168d92249e3d61c003e62e2f3e7c473a015.jpg,0C54254FD63B4F578CE19F1F9C2BCB29
2025-12-30T06:03:29.000Z,Trumpin käsissä tapahtui jotain outoa – Muistatko vielä nämä?,Yhdysvaltain presidentti Donald Trumpin kädet ovat herättäneet spekulaatioita koko vuoden. Muistatko vielä nämä?,https://img.ilcdn.fi/1smtsPPWYXKAejsXxl0LhEqwl3o=/510x318/top/img-s3.ilcdn.fi/6bd4948b4c0bab8208113c7295561a19c7eb6d784a7ecac6e72c1981edcb10ea.png,C0E83E283B2C4F1CAB37C37FD9837551
2025-12-30T06:05:16.000Z,IS: Hengenvaarallinen ilmiö yleistynyt ”räjähdysmäisesti” – Jopa nuoret lapset koukussa,Myös poliisi on huolissaan laajenevasta imppausilmiöstä.,https://img.ilcdn.fi/By5kJQZCw3k9qH0XEtv5GP-Dos8=/510x318/top/img-s3.ilcdn.fi/62f9af2e5ce847f0a1bf72b391c1bf736b655a1caf1262e4a85af71e2d53b8e0.jpg,74FD68E85CB9406F9D17E96AEDA8ACD0
2025-12-30T06:13:07.000Z,Suomalainen menestysresepti -tuomari jättää sarjan kesken kauden – Tuotanto kommentoi,Suomalainen menestysresepti -ohjelman yksi tuomari vaihtuu tänään televisiossa nähtävässä jaksossa.,https://img.ilcdn.fi/bXmN4rbG0Qv6IMZFAQCXf2SD1Tk=/510x318/top/img-s3.ilcdn.fi/6ef89560505dd5545d3bb2561af9e0d228e95729e27e896aa751da669fdc8c00.jpg,8D21925A8F344063BB370D2FC69968AE
2025-12-30T06:27:47.000Z,Ostitko tämän tuotteen Normalista? Palauta heti,"Normalissa myydyssä kynsiuunissa on havaittu sähköiskun riski, kertoo Tukes.",https://img.ilcdn.fi/Ftkkt2n58wqh-K3WDm3MWVejW6I=/510x318/top/img-s3.ilcdn.fi/31cc4d2ba04a2c352ec57c4864eb5a3aa2fbafe97fe6ed752a6e04c1def4c847.jpg,36F92D0ED40B4DDC88F41B959BDFF139
2025-12-30T06:32:05.000Z,Tšekki kohteli Suomen tähtimaalivahtia kaltoin,Petteri Rimpinen torjui kiekkoja ja ajoittain Tšekin pelaajia.,https://img.ilcdn.fi/jFU1RZ35j3k-lXHFXLPfEn2NvQE=/510x318/top/img-s3.ilcdn.fi/554cd64fe14873df7d31dd7f1c977d2c28ff76d71812f830cd9a0242139edf43.jpg,258F66A414CE48F4A5D2FDA51E44A60A
2025-12-30T06:50:42.000Z,Katse taivaalle: Yksi vuoden näyttävimmistä näyistä on pian täällä,Viikonloppuna on mahdollisuus nähdä lukuisia tähdenlentoja.,https://img.ilcdn.fi/KUqMQsrbEPtP-TyTkOJ-W7OgvoA=/510x318/top/img-s3.ilcdn.fi/b34781dfbb7a4d9fefd42ae6574d08dfd795fc3d8ef04ec5de02f1efef09166f.jpg,14FB5474174544E294CEC3B80D505F25
2025-12-30T07:02:06.000Z,Venäjän vuoden tärkein juhla pilalla,Suurin osa Venäjän kansalaisista ottaa vuoden 2026 vastaan säästökuurilla. Uudenvuoden juhlia perutaan rahapulan vuoksi. ,https://img.ilcdn.fi/MrG0cEiVkysxmTPF6hKa-lfnjZQ=/510x318/top/img-s3.ilcdn.fi/e61f2f85cf8bf7caa00c0f89309185862d41b63f386e1101afcc05f5a0141d2f.jpg,B63EF0AA8F9047BC82908090757859CC
2025-12-30T07:03:17.000Z,Anni Vuohijoki julkaisi videon muuttuneesta kropastaan – ”Tosi massiiviset”,"Vuohijoki laihtui, kun vähensi treenejään.",https://img.ilcdn.fi/16lk-K_zRqzXKKWegyEBaSfMxHo=/510x318/top/img-s3.ilcdn.fi/d8b23928ab057be5a0aadd77c7ed52e21768be760bc0e7b28ff338e0ebdbcfac.jpg,BDD3332704D2454BB3489F9BAE2D7B4C
2025-12-30T07:06:08.000Z,Näin moni kieltäisi raketit kokonaan,Joka viides kyselyn vastaajista on joutunut vaaratilanteeseen tai läheltä piti -tilanteeseen ilotulitteiden vuoksi.,https://img.ilcdn.fi/ZzZ6vdsKhmcFGGIVvopBabFO9TQ=/510x318/top/img-s3.ilcdn.fi/dcfb0385af40602c7aa25a58ec5bd6acbfda31452430cd52bcba6fd221bef0dd.jpg,6B437D75EF764C7B9F902668C07CA0B4
2025-12-30T07:18:33.000Z,Kansanedustajalta kärkäs keskustelunavaus – Rinnastaa koirankakkaan,Kansanedustaja Tere Sammallahden (kok) rinnastus on herättänyt vilkasta keskustelua.,https://img.ilcdn.fi/3VER-2eUts0b0QTF4b3LM0jMG8s=/510x318/top/img-s3.ilcdn.fi/0f15d06180fb2b165f54a9939dc9f73ebc51a2d70b8fde4e3f693e47975ca8f8.jpg,FD0EFF0492B84EB5A34382AB03C0D2E4
2025-12-30T07:21:45.000Z,Spice Girls -tähti vietti joulun Lapissa: Julkaisi liudan häikäiseviä lomakuvia,Mel B vietti joulua Suomen Lapissa ja loma-aktiviteetteihin kuului runsaasti pohjoisen turisteille tyypillistä ohjelmaa. ,https://img.ilcdn.fi/5_MiEgC4f-OY1d_7Taj8Sdnd_Uo=/510x318/top/img-s3.ilcdn.fi/d81e556642b88665720fda36850a0039e0b066ba49bd6ac3fad2939826514c9c.png,37D460A4DCA34485959348C9E0E86C2C
2025-12-30T07:30:02.000Z,Jarmo Kekäläinen pudotti pommin vuonna 2020 – Nyt venäläishyökkääjä kaupattiin NHL:ssä,Jegor Tšinahov kaupattiin Pittsburgh Penguinsiin.,https://img.ilcdn.fi/28rCTtHtV6TlghTA0VN3pyh06Hc=/510x318/top/img-s3.ilcdn.fi/f2c3610b2d580cc907a2dc216d386e4a009adf3bd23186d8cdb1e2dc7bd2ebbf.jpg,424CE7BEDFCA48BCA06F07A22A7B8184
2025-12-30T07:32:29.000Z,Älä tee virheellistä päätelmää koiralenkillä – Seurauksena toisilleen rähjääviä koiria,"Kaikki hännänheilutus ei ole merkki ilosta, vaan joskus kyseessä voi olla uhkausele. Näin tunnistat, millä mielellä koirasi häntä vispaa.",https://img.ilcdn.fi/KJzxPvwV8YmFA9lVmd9L4B7p5ho=/510x318/top/img-s3.ilcdn.fi/49c624a929de118adb03cb0447fdbec47a530715bda552f6a8bbccc2247769fd.jpg,03A4CA3510A7457F801DD8A196777039
2025-12-30T07:41:24.000Z,Avec: Michelin-ravintola jättää punaisen lihan pois menustaan,"Michelin-ravintolan uuden keittiöpäällikön mukana punaisen lihan on aika siirtyä sivuun, kertoo Avec.",https://img.ilcdn.fi/Q9gwLSGyMHWbJdTFp2OFeeptG7c=/510x318/top/img-s3.ilcdn.fi/a6cdbc00a69544a9f9c4d2b80930324605ec86ac8bd666e5fdc1aeea26e9de68.jpg,7145B0ACA04848D3BFF9C7DE368730CD
2025-12-30T07:41:58.000Z,Helsingin pörssiyhtiöistä tärähtää ihmisten tileille pian 13 miljardia euroa rahaa,Suurin osinkopotin kokonaismäärään vaikuttava lasku johtuu Fortumista.,https://img.ilcdn.fi/0x3C2pxIJH-HQvfP0cyRFIkrWes=/510x318/top/img-s3.ilcdn.fi/d7c5081ddfb07d4f4917f411c67dbd2e9657787a1457b23b54e82d6e50c0542c.jpg,4C3D0EA768494886A9335C8D73C28BD7
2025-12-30T07:59:46.000Z,Martti Suosalo tekee triplasti töitä ja tahkoaa mojovasti rahaa: ”Saa tulla kokeilemaan”,"Martti Suosalo kertoo Iltalehdelle, että eläkeiän lähestyessä hän suunnittelee hölläävänsä hieman työtahtia. ",https://img.ilcdn.fi/ljMfiAdTHNouGj1tmtzJQKMoR0k=/510x318/top/img-s3.ilcdn.fi/49f9e113a28e1fbe7d99855ed009152e6c868ed78b0dee54a633168b39163f4c.jpg,90665C2402794A2399DA25AC2B64D702
2025-12-30T08:00:30.000Z,Ruotsissa tyrmistyttiin suomalaispuolustajan törkytempusta – ”Aivopieru”,Ruotsissa reagoitiin Veeti Väisäsen törkytemppuun.,https://img.ilcdn.fi/rJ8GaFFBNLuAYderwXWTE75q2H0=/510x318/top/img-s3.ilcdn.fi/c52b14a1642879fc5a38a7216d7382d9a7e23f154cfb95efa0d87dd859e0779a.jpg,0544DAA33A3445A09E48EA5DC8A3EABD
2025-12-30T08:01:27.000Z,Kela: Ikävä tieto opiskelijoille,Opiskelija-aterioiden hinnat nousevat 1. tammikuuta.,https://img.ilcdn.fi/ftSNCd9fU7P4cht7DMpXWAuojBU=/510x318/top/img-s3.ilcdn.fi/9787c83e23696d362376f7884f0d3b184caef8c17ee94f596ed9ed3254150ee9.jpg,0F06EF082E5948109F7F4E3F361EC2C7
2025-12-30T08:05:52.000Z,Kaaos kulissien takana,"Rovaniemen lentoasema joutui kaaokseen kesken joulunvieton. Vapaaehtoiset joutuivat antamaan ensiapua ja henkistä tukea. Otimme selvää, mitä kulissien takana nyt tapahtuu ja mitä maanantain jälkipuinnissa oikein keskusteltiin. Se on karua luettavaa. ”Mikä on sitten järkevää missäkin tilanteessa.”",https://img.ilcdn.fi/rAHxwAiPh2PjSpBrZnfgbSPrqe8=/510x318/top/img-s3.ilcdn.fi/10244872322bcf35ad434164d4f8d32e2a02d9b1b701d6e70d0c57b04e167b9d.jpg,724768FDEB6445D98CD7E4700D9CE25B
2025-12-30T08:14:59.000Z,Bull Mentula: Avioero,Maruzella ”Maru” Vaalikivi on tuomittu avioeroon. ,https://img.ilcdn.fi/zfLc22rguzlY6LWDkphxZ-9FJZ0=/510x318/top/img-s3.ilcdn.fi/9d6e2c70406be44737b115aa74d801b8b96887fb2745ff010a8c9aefac85a58f.jpg,1EC810F18D6C44B5B37FCDE1A5B13734
2025-12-30T08:18:27.000Z,Varkaat kiinnittivät kioskissa olevaan pankkiautomaattiin metallivaijerin Texasissa – Sitten alkoi tapahtua,Varkaat tekivät systemaattista yhteistyötä ja pankkiautomaatti lähti heidän matkaansa. Myöhemmin pankkiautomaatti putosi tien varteen ja poliisi sai sen talteen. Tapauksen tutkinta on yhä kesken.,https://img.ilcdn.fi/x9BfRT3N7uCPhL800F_qk8IhdbY=/510x318/top/img-s3.ilcdn.fi/5048137d56499af8eca4dac9f6cdc79f61b14a87e9ecf8f42fed4c8ff9479edd.jpg,5F728166BF31418D9E4908CAEB4E80E9
2025-12-30T08:30:32.000Z,"Jos teet uutenavuotena vain yhden ruoan, se on tässä",Perunasalaatilla on tärkeä osa uudenvuoden herkuttelussa. ,https://img.ilcdn.fi/vv_dsk46TNv6kUnJfl4IlMXhPvI=/510x318/top/img-s3.ilcdn.fi/e2119c32e6208e4303de206ad838628b1e034787e8b57d4b8b64ac85e0e2b787.jpg,F1888E7279AC4CE5B1405B0EE7113678
2025-12-30T08:36:50.000Z,"Nämä ovat yleisimpiä ongelmia, kun yritys palkkaa maahanmuuttajan","Työelämä on muuttunut suvaitsevaisemmaksi maahanmuuttajia kohtaan, kertoo Suomen Yrittäjät. Perehdyttämisen merkitys korostuu.",https://img.ilcdn.fi/OKwTYDNUYaMW_7h0h8txGIFclEY=/510x318/top/img-s3.ilcdn.fi/d776b7dd4b6cda9b1371a9247cb027c8ac494785dfb539bc475e7aa22fe4aac1.jpg,2264AD3C7CE4443BBA590E76C2734E09
2025-12-30T08:40:09.000Z,”Sukupuolten taistelu” paljasti kyynisen kuvan vuonna 2025,"Aryna Sabalenka haluaa päästä paremmille ansioille, kirjoittaa Janne Palomäki. ",https://img.ilcdn.fi/2wWneBRW0AVoA3lvDuQ9BqOVZBc=/510x318/top/img-s3.ilcdn.fi/6fa76f2023c25dcb0f701e697e18fa1fe0324431ab5a5408711898b0bcae00c2.jpg,0CF54B5B91DB487D9B26CABD789D820D
2025-12-30T08:54:53.000Z,Joel Hallikainen rakensi itselleen hauta-arkun,Muusikko Joel Hallikainen jakoi Facebook-tilillään tarinan rakentamastaan hauta-arkusta. ,https://img.ilcdn.fi/RgQT6ZvnJEBvxxQ9RMH_0zlQTsc=/510x318/top/img-s3.ilcdn.fi/ac84c8bbe99a101e94cdb2836f7a18b2c86399c1480c462d40a5c32fdb66a830.jpg,A9D24C0013DF4AD1827930862841BBAA
2025-12-30T08:56:20.000Z,Karmea lasketteluturma Japanissa – 5-vuotias poika kuoli,Pieni lapsi jumittui mattohissiin ja kuoli Japanissa.,https://img.ilcdn.fi/fHTRyX1Eevs91fWs0E9TpgWsqTM=/510x318/top/img-s3.ilcdn.fi/07204581d4da909cae7799fea402ae4039559bd20afb2439a68224aa9326f1d5.jpg,E19DE3E069974037AFA7B693769C6C57
2025-12-30T09:05:22.000Z,Venäjä vahvistaa: Ano Turtiaisesta pakolainen,Entiselle kansanedustaja Ano Turtiaiselle on myönnetty Venäjällä pakolaisstatus.,https://img.ilcdn.fi/Ji34rH_gZ-TkGCyrX2gyA1QNsNg=/510x318/top/img-s3.ilcdn.fi/6adec125394be132cc43fb7ee8cb683d41369df49339031bd5f10746acc3711d.jpg,56F5A17251DA4AE4BF9EABBE10F00FF4
2025-12-30T09:09:10.000Z,Kova isku Sebastian Ahon NHL-seuralle – Tähtipelaajan loppukausi vaarassa,Pjotr Kotshetkov joutuu olemaan todennäköisesti koko loppukauden sivussa.,https://img.ilcdn.fi/B8bWR_IhZKqns17W6nsnOMUnroM=/510x318/top/img-s3.ilcdn.fi/e2e13d24a062717de24b9e3b85b718f28be2ea0ce66541456d40ac92c3014e62.jpg,30796680E7A44D9FBEBFB4E591CC5E35
2025-12-30T09:19:00.000Z,Autoradio: Miksi Porsche väittää perheautoja urheiluautoiksi?,Autoradio-podcastin tuoreessa jaksossa haastetaan Porsche-pomo Aarne Töllistä.,https://img.ilcdn.fi/zWvbyIWUgz7xNjGcQhtUmtOzHe4=/510x318/top/img-s3.ilcdn.fi/ec171b601adedc373ebc0fcfd847c92ee87b6fe77875a32ff6bcef486f6c402c.jpg,93F93FD44A4841D3B644CF92C884FED5
2025-12-30T09:34:15.000Z,Viineihin iskee pian tuplaveronkorotus – Tähän asti ehdit edullisemmin ostoksille ,"Viinien verotus kiristyy vuodenvaihteessa tuntuvasti, kun voimaan astuu sekä tasokorotus että indeksikorotus. Alkon talouspäällikkö arvioi, että veronkorotus voi näkyä myyntipiikkinä välipäivinä.",https://img.ilcdn.fi/fTR6gJflnwmFXCnSq55tg7gKsmo=/510x318/top/img-s3.ilcdn.fi/7b166b21d35a44eedcfa49f384b6f9753eea3d4dd826460964123809d5d186da.jpg,959E8E0B71744965B8E06A02124D41A1
2025-12-30T09:38:27.000Z,Sami Välimäki sai kutsun legendaariseen turnaukseen,Sami Välimäki nähdään The Masters -turnauksessa huhtikuussa.,https://img.ilcdn.fi/JH-5fk844swrKAZxyH2-D9_YZz0=/510x318/top/img-s3.ilcdn.fi/2d0b4850552a82a1dafb26b6179c1d18613a3eb176667e8fc5cfa7f3dd673327.jpg,97B3D73A039749C8A146E800BA2588D2
2025-12-30T09:42:19.000Z,"Kun uusnatsi hyökkäsi lapsen kimppuun, Aatu, Pyry ja Tommi toimivat – Nyt he saivat upean palkinnon",Kauppakeskus Valkeassa kesäkuussa 2024 tapahtuneen puukotuksen yhteydessä ansiokkaasti toimineet palkittiin tasavallan presidentin myöntämillä mitaleilla.,https://img.ilcdn.fi/0e1Gip46K98sD0E7S6E93kSaudM=/510x318/top/img-s3.ilcdn.fi/3d0aaf4c9b6000038229e414bc17d20d52d8f060d5e9539870b666ad35a59e66.jpg,FEAFBC8FAE984D6BB950688DD9336351
2025-12-30T10:11:15.000Z,"MM-kultamitalisti Mårten Boström, 43, sai kesällä šokkidiagnoosin – Päivitti tilannettaan: ”Ei enää ole jäljellä”",Mårten Boström kertoi positiivisia uutisia Instagramissa.,https://img.ilcdn.fi/gVGNEhWg-9I3NQpCqWVARGVsmiY=/510x318/top/img-s3.ilcdn.fi/65fcf9a63ca47f1275e6bff7f7184d25ccb877ba72579ce360c4fa9386a67313.jpg,9F76B1D975D34245B8E531146D61C03E
2025-12-30T10:15:45.000Z,Yleisö ryntäsi levykaupoille Pate Mustajärven kuoleman jälkeen – Taustalla karu kritiikki,Pate Mustajärven viimeiseksi jäänyt albumi ilmestyi vuonna 2024.,https://img.ilcdn.fi/YlVC-ltGlU_xG_LisfCwev3QoH4=/510x318/top/img-s3.ilcdn.fi/b4dce428e22d61b3cc09b0f0bb9d27905c043cd66c981d7dd569736c000638cd.jpg,F5C56022F41F45A8881960F2E2014241
2025-12-30T10:22:25.000Z,Lapsesi puhelimessa tapahtuu kuolettavia asioita – Nyt on pakko herätä,"Nyt on aika käydä vakavia keskusteluja siitä, mitä lapsesi todella seuraa sosiaalisessa mediassa, kirjoittaa Iltalehden toimittaja Riku Isokoski.",https://img.ilcdn.fi/AEzCoVcf4n-J44FdxVyhftt_KzI=/510x318/top/img-s3.ilcdn.fi/c2d0af1879cc82cbd28fbff8c37a191d6681e587b86c6be01749bc76b8120a52.jpg,6443A188E48B42CF99BA00A27F98325D
2025-12-30T10:28:35.000Z,Ilvekseltä poikkeuksellista käytöstä – Poliisi ryhtyi koviin toimiin,Poliisi määräsi ilveksen lopetettavaksi.,https://img.ilcdn.fi/gVK-0vXKFFsM50D-Vs-rMlI3FRg=/510x318/top/img-s3.ilcdn.fi/a1a48ba949d25a420e0292f8c710246772e4516203b8dba450ae83fd43788445.jpg,090E8DC68FD945A2AFB6BD4A59DF3104
2025-12-30T10:34:11.000Z,Ville Niinistö raivostui Tere Sammallahdelle,Kansanedustaja Tere Sammallahti (kok) ja euroedustaja Ville Niiinistö (vihr) ajautuivat kovaan sanailuun energiapolitiikasta X-viestipalvelussa.,https://img.ilcdn.fi/0ETVAk6K4GYx7LPWUOYWt8hRjFI=/510x318/top/img-s3.ilcdn.fi/eddcfd28bf5bfb53a7456181fb7a96b861e154359ba7f3afeeebb4364e91156f.jpg,80E9B993C6304A0B8DB035701909C6D2
2025-12-30T10:42:46.000Z,Nordea varoittaa: Huijarit kopioineet Ruotsista keinon päästä rahoihisi käsiksi,"Nordea kertoo, että pankin nimissä soittavat huijarit ovat käyttäneet etähallintaohjelmia Ruotsissa jo jonkin aikaa.",https://img.ilcdn.fi/PIm0PCPMnoDOZKbjEE_ouA1JLhI=/510x318/top/img-s3.ilcdn.fi/a20c93bf9fd00e8cf4ffc881ea302790ec699f76e55cff536c0be2e95fd6d813.jpg,0AB3F8818AA14C8BAE318029688C3C1D
2025-12-30T10:43:23.000Z,Superdieetillä kilot pois,"Tällaisella ruokavaliolla paino putoaa pomminvarmasti, vaikka söisit joka päivä pienen määrän lempikarkkejasi. Kokeile vaikka itse. ”On helpottavaa, kun voi syödäkin rivin suklaata päivässä tuntematta huonoa omaatuntoa”, toteaa suomalaisprofessori. Hän kertoo myös yleisestä virheestä lounaalla, joka pilaa dieetin.",https://img.ilcdn.fi/3Nzdu2Vmggkq_4cCmOZ414AKejg=/510x318/top/img-s3.ilcdn.fi/f0370fd1c13d17fb12f688d348ce88145156b7dadd61404462fa50ff70cbdcc2.jpg,784F0FEEB7F84269A935F3481868A358
2025-12-30T10:44:31.000Z,Lähteet: CIA iski Venezuelaan,CNN:n lähteiden mukaan CIA iski Venezuelan maaperälle lennokeilla.,https://img.ilcdn.fi/hcPQU-1ZqItXysbFrd2VN3sATDU=/510x318/top/img-s3.ilcdn.fi/d1112eb36fe7363f7a965a00cf02c0c204a412dce35bfaba0a2320a8d69f81bd.jpg,403CBAE9F25E4B83A64C8FAB292019C2
2025-12-30T10:46:24.000Z,Krista Pärmäkoski romahti – Syy selvisi,Valmentaja Matti Haavisto kertoo suojattinsa tilanteesta.,https://img.ilcdn.fi/8E_tYY8duSioIEIMQofeBYElJ-I=/510x318/top/img-s3.ilcdn.fi/2779447a62a2661ba7bb4447ff6fc52e44ec319934d65b8fd81bd91608dcb6ed.jpg,E98957E24C6B46C09EB5DAD0102FC849
2025-12-30T10:51:09.000Z,Huhut suhteen tilasta alkoivat kiihtyä keväällä: Näin Joel Harkimon ja Janni Hussin rakkaustarina päättyi,Suomalaiset seurasivat seitsemän vuoden ajan Joel Harkimon ja Janni Hussin rakkaustarinaa. Avioero oli vuoden 2025 puhutuimpia viihdeaiheita.,https://img.ilcdn.fi/iZE5q7-KiH6XGKAyY9Y7pfGScFk=/510x318/top/img-s3.ilcdn.fi/56bd393880d068c5a19e0cfd5b0a18524aa227e18e743eb794e1ee3a9417c143.jpg,03E3205E99A840209F9775C9E2F0FF9C
2025-12-30T11:13:19.000Z,Herra Amerikka on kuollut,Dean Tornabene oli kehonrakentaja ja arvostettu valmentaja.,https://img.ilcdn.fi/9TeYzFVEW2QKBIqk6VA0pAx2yoY=/510x318/top/img-s3.ilcdn.fi/ba9e24a70bde34eea7d868110e49ceab5b6b8c49a278950b4059da983c99dbd8.jpg,A3960F4ED1F74236BAF5E0F06CAC665F
2025-12-30T11:24:29.000Z,Tällaisella autolla sinun halutaan kohta ajavan – Hinta uutena vain 15 000–20 000 euroa,"Euroopan komissio on julkistanut ehdotuksen uudesta ajoneuvoluokasta, jonka tavoitteena on vauhdittaa pienten sähköautojen tuotantoa ja myyntiä Euroopassa.",https://img.ilcdn.fi/jNS8eRSfbUUNHvb1AkGDZPZcgCk=/510x318/top/img-s3.ilcdn.fi/b44cc00f73d750c0afc830e6e5a822cf776f28700ead5dd026b16b7c0800bcf6.jpg,BAC837D2619C4AC6A0EF7BB933CFFA73
2025-12-30T11:28:16.000Z,Tämä uutuussipsi nappasi voiton sipsien jättitestissä – Hurmasi koko raadin,"Uusivuosi on sipsien myynnin sesonkia. Pistimme sokkotestiin 11 erilaista sipsipussia ja löysimme voittajan, jota kannattaa ehdottomasti ostaa. ",https://img.ilcdn.fi/nh1LEMedcVc6BHPcBRX-D-pcJ10=/510x318/top/img-s3.ilcdn.fi/258cf700fa3c993b6bb567a01ac5b9edfc56d7bc74f3a1f672f5c43dc491d7d6.jpg,88146B28101C4EFCA7722A411D7057BD
2025-12-30T11:34:41.000Z,Liigassa on tällä hetkellä todellinen kuntopuntarihirmu,Ilves dominoi kotimaista jääkiekkoa.,https://img.ilcdn.fi/dfjAjTLb_Xu58jTmKwQDnfJ6iO4=/510x318/top/img-s3.ilcdn.fi/196afbe625d21065c6fb784bd926b461b709abc3bada6dcf9ea71cf9606a6c54.jpg,D58054B406384033B977CC3EC231A537
2025-12-30T11:41:40.000Z,Hannes-myrsky nostatti Selkämerelle jopa 16 metrin aallon – ”Ei tämä ihan jokapäiväistä ole”,Selkämerellä myrskysi ja tyrskysi lauantaina.,https://img.ilcdn.fi/pwAVPTFd700GEICyr0tgz_L9dyk=/510x318/top/img-s3.ilcdn.fi/61b17910f75a2ebda8a0ce56fec5396262005a240add975be88e5f400a572bdc.png,50423A55F9804389B16DE297DA0F91CB
2025-12-30T12:01:34.000Z,IL:n tiedot: Teiskon radiomastoturmassa kuoli 15-vuotias poika,Traagisessa onnettomuudessa kuollut nuori oli helsinkiläiskoulun oppilas.,https://img.ilcdn.fi/kv5QKjCv6CaQ88SlDE92E7RkYsw=/510x318/top/img-s3.ilcdn.fi/5f1ecbee7fc405b7da648f31bd5b43e81663d9b897aa56d647ce36415683d021.png,52D314C5FB6A4964A46BA629AD6A99CA
2025-12-30T12:04:07.000Z,Sarah Dzafce poisti anteeksipyyntönsä somesta – ”Uusi luku elämässäni”,Sarah Dzafce on päättänyt kääntää uuden sivun elämässään vuodenvaihteen myötä. ,https://img.ilcdn.fi/tdESzyeo4I8ZInRD5OI18_7AH7c=/510x318/top/img-s3.ilcdn.fi/1b6ce136518e7d778df68a9821869d7b32191d6a4245fc9fd7a60c25c0f68046.jpg,C8BCB714BFE8490FBE878BFA6AA8EA27
2025-12-30T12:13:10.000Z,Silminnäkijä: Hain suussa oli ihminen – Triathlonisti kuoli karmealla tavalla kesken uimisen,"Silminnäkijät arvioivat, että hain suussa oli ihminen.",https://img.ilcdn.fi/wS_1hDPtxlmGK-NoP00xmRkoyyc=/510x318/top/img-s3.ilcdn.fi/6a2b922ed3788a5965f7af15bae6a5db8fbda46213a652f58122caaa4b7dd602.jpg,4BAE99F1363146FFB0C01DD9DBB66319
2025-12-30T12:24:14.000Z,Tuli tuhosi omakotitalon Janakkalassa – Raunioista löytyi ruumis,Poliisi ei epäile tällä hetkellä rikosta kuolemaan johtaneessa tulipalossa.,https://img.ilcdn.fi/Ayj_aNjlIk7R2oJmnRDON4--YFQ=/510x318/top/img-s3.ilcdn.fi/d2dc6f5d9cf3383391da1d4274bdee744a04c9bb010fe2b52b0addd929022cc8.jpg,ECC06666D3B6482DB0D18F965DE9D207
2025-12-30T12:30:05.000Z,Milan Jaffille lopullinen tyrmäys,Korkein hallinto-oikeus on hylännyt Milan Jaffin valituksen. Hänet karkoitettiin jo aiemmin.,https://img.ilcdn.fi/4FKe1yzlnuNu1n2H7j9FjUBTkCY=/510x318/top/img-s3.ilcdn.fi/390de594bdb10c17fe8664a8b7a5ed0b3e406bef01bd99bc724320bd558440eb.jpg,A87E2D66DD8C46E984EF51FDB20CE20A
2025-12-30T12:42:29.000Z,Vieraskynä: Näistä syistä Paavo Väyrynen on väärässä,"Suomen entinen ulkoministeri Paavo Väyrynen esittää paluuta aikaan, jota ei enää ole. Siksi hänen johtopäätöksensä Suomen Venäjä-politiikasta ovat väärät, kirjoittaa ulko- ja turvallisuuspolitiikan asiantuntija Henri Vanhanen.",https://img.ilcdn.fi/HZvlzbT5EPTZ2UWX4T-caTfNXLU=/510x318/top/img-s3.ilcdn.fi/2eb936315c54586354927bd4d439024124808769685f7603e175ff3543df9f7c.jpg,CF838C3EDDA94649B68C416C9ECFF63B
2025-12-30T12:50:30.000Z,Hämmentävä uutuuspulla testissä – ”Mitä Fazerilla on oikein ajateltu?”,"Fazer Leipurit -myymäläleipomoista saa uuden vuoden ajan laskiaispullaa, jossa on täytteenä kermavaahdon ja mansikkahillon lisäksi litsin makuisia kuplia. Iltalehti maistoi, miltä ”kutupulla” maistuu.",https://img.ilcdn.fi/NuwGG3UUwjzlZm_nB4mn-ZObOts=/510x318/top/img-s3.ilcdn.fi/2b880c94c1baf5c35436bfe1fe96b0801382d1491b721c5492d297aecfe02e46.png,3329115E968A40CDA10CFF9815C457AF
2025-12-30T12:50:33.000Z,Suden metsästys alkaa torstaina,Saaliiksi saatujen susien määrä saa olla yhteensä enintään 100 yksilöä poronhoitoalueen ulkopuolella.,https://img.ilcdn.fi/N5Ft06F7l-ldKus_sqoWTampNgY=/510x318/top/img-s3.ilcdn.fi/aa0a776b91432c7727d78cbc0034c2ce421461216570151b2cd4e5835a3afd2d.jpg,B8819D2406204EEBAFAF1991B7B369EB
2025-12-30T12:52:51.000Z,Jaksaa ja riittää,"Älypuhelinmarkkinoilla on nähty kiinnostavia uutuuksia, jotka muun muassa jaksavat entistä pidempään.",https://img.ilcdn.fi/fuSQoJ5w-f96C6Y2V3E3afYzLlY=/510x318/top/img-s3.ilcdn.fi/122aa3641e6140d947b4688d75f8f8bfe725b831b8563bdf588aba4974dee8d6.jpg,234E9F64AC5445E6BA268B3F0250ACF5
2025-12-30T12:53:01.000Z,Volvo EX30:ssä akkupaloriski – Ei koske Suomea,"Volvo on kertonut, että tiettyä erää sen valmistamien EX30-täyssähköautojen akkuja koskee tulipaloriski. ",https://img.ilcdn.fi/KpWjbje1mLbmsxEEZZecAkVhoU0=/510x318/top/img-s3.ilcdn.fi/824029d26158c77abed416cce9051fafafac7a9719a790a27baf451f1b11c561.jpg,A23DE5998AA24871AE3CEDCECCDDB340
2025-12-30T12:57:43.000Z,Trump suututti Kiinan,"Kiina on provosoitunut siitä, että USA vaatii Taiwania ja muita Aasian maita aseistautumaan.",https://img.ilcdn.fi/W4lsRuUaCQgbZrGg0sDcMg5HEB0=/510x318/top/img-s3.ilcdn.fi/11880abf0ea3df597a37fc91ec87380a2e6ff9db8473a71cc2c4f91e6f741dcd.jpg,5E39197441AC4659BBEF85309B1517BD
2025-12-30T13:01:01.000Z,Ohjaaja haluaisi Donald Trumpin ulos hittielokuvasta – Pelkää seuraamuksia ,Donald Trump esiintyi klassikkoelokuvan jatko-osassa seitsemän sekunnin ajan.,https://img.ilcdn.fi/I3hgAJcnc1z0wN5Ht8LgwFnJSjY=/510x318/top/img-s3.ilcdn.fi/cbf1496d70c89b9bc46a47c5085b87b5044263af3ade0f50d57451eb7d4d47b1.jpg,6ACA4ABDA2834D8C9D4441CDFDC21F0F
2025-12-30T13:13:16.000Z,Lasten huolestuttava häiriö yleistynyt rajusti – Yhä useampi äiti ylipainoinen ,"Esidiabetes on entistä yleisempi lapsilla, joilla on ylipainoa tai lihavuutta.",https://img.ilcdn.fi/TM1Ln7D5o8UrRLjz5PVeUXdM1TA=/510x318/top/img-s3.ilcdn.fi/fd9025c5166cf249dd49f446ba231ee41e08a8031217bd75597905190a93b8b5.jpg,56AA16C924094FDD89B28201DB48EAAC
2025-12-30T13:16:01.000Z,Menestystarinan taustalta paljastui kaksoiselämä – Rakastajattarien määrä šokeerasi,Tiger Woods täyttää uudenvuoden aatonaattona 50 vuotta.,https://img.ilcdn.fi/1JG2sd6Duf77S9xO7DXJu5GyahU=/510x318/top/img-s3.ilcdn.fi/e7825aab502f46353b8086c08a73cecd9e0afcb5d4353717a113e0927d520641.jpg,70C36932E5854AD9895C6D7DA786AE84
2025-12-30T13:26:45.000Z,Hanneksen raivon mittaluokka alkaa paljastua – Metsänomistajalla on velvollisuus,Suomen metsäkeskus: Lähes hirmumyrskyn voimalla pahimmillaan raivonnut Hannes-myrsky kaatoi 300 000 kuutiometriä puuta.,https://img.ilcdn.fi/f7TxQf3Hq5tX-Esq4IocX7CaWZY=/510x318/top/img-s3.ilcdn.fi/d466af191d0854041a74c645bdc0e4c32f64a311fd58bec95f1759f7c46c9bd0.jpg,AC4884B0EE004EBDA001B1F14BC0885B
2025-12-30T13:27:43.000Z,Anna: Suzanne Innes-Stubb muistelee parisuhteensa alkua – ”Ehkä juuri siksi olemme edelleen niin onnellisia”,Suzanne Innes-Stubb on antanut harvinaisen haastattelun parisuhteestaan.,https://img.ilcdn.fi/TPbgNavWPQpk_4zGMyyAMRVnWf8=/510x318/top/img-s3.ilcdn.fi/18ac9c2408f68c7c534aff9dc773c4d3d0c26cb4c1e5c9f8ac6396c5222458d8.jpg,C9CC2D56EE6746059628D27CC4F20E9F
2025-12-30T13:53:03.000Z,OP:n suositun kortin omistajille tulee karu muutos,Monien OP Pohjolan omistaja-asiakkaiden maksuttomat pankkipalvelut päättyvät tänä vuonna. ,https://img.ilcdn.fi/1LPlBcL0Dmkahr3NfKqnlGSYROM=/510x318/top/img-s3.ilcdn.fi/0efa7c57f6fe8a7e2dcc7af8febb3703c87cfe188d776d2a2f3ee069e4e8dccd.jpg,86391853EEEB4A1F8772E1512E78E0AB
2025-12-30T13:53:45.000Z,Presidenttipari mukana Ylen uudessa lukumaratonissa ,Ylen lukumaratoonissa on noin 130 lukijaa.,https://img.ilcdn.fi/nwpRyjPzu32fojAnVdGjlNB7Z6k=/510x318/top/img-s3.ilcdn.fi/b6307fdfb5c6307846e004ea5f671e57d30f33943e4daf51de641f9911b86e20.jpg,2BD13E4C7E9E43549DE9B57FB5F93C0D
2025-12-30T14:16:47.000Z,Anthony Joshua julkaisi musertavan videon vain tunteja ennen kuolonkolaria,Anthony Joshua julkaisi musertavan videon vain tunteja ennen kolaria.,https://img.ilcdn.fi/ARcQGlfp0NA5doZ88B7GsD9lNrQ=/510x318/top/img-s3.ilcdn.fi/0d9ba26bb0e2358ff3ceffd3112ef955bb7bbe47cb49d6769076c03aff20b63b.jpg,57101A3F8D2F4C0D88A231CFC640FEA6
2025-12-30T14:28:12.000Z,Venäjän media: Ano Turtiainen haluaa Ukrainaan taistelemaan,Ano Turtiaisen uutisoidaan haluavan taistella Venäjän armeijan riveissä Ukrainassa.,https://img.ilcdn.fi/DG8gdaTJN5ZIjGeG-ep_6s2SG-U=/510x318/top/img-s3.ilcdn.fi/f4950334da2a5b8e8bcd8d0374587719cedaa4eb3329d545e8e05dd1d48475e9.jpg,85C79DF424B0423C9A377F90B462037A
2025-12-30T14:30:57.000Z,Brigitte Bardot kuoli – Hittilaulaja julkaisi rajun tekstin,Laulaja Chappell Roan tuomitsee edesmenneen näyttelijän poliittiset näkemykset.,https://img.ilcdn.fi/TrGiRcpB4jH93OfDZqULC5x9Bl8=/510x318/top/img-s3.ilcdn.fi/127dacb2cc69f61dd055d68313b50d93f61e63967fb312f97aed008d4c927c62.jpg,DF35B2A00BB147C8869C78C2861DC0CC
2025-12-30T14:43:01.000Z,Älä laita tätä esinettä suuhun – Urheilija kuoli,Jalkapalloilija kuoli erikoisella tavalla.,https://img.ilcdn.fi/YEkmg9U5Sedcw_k1-pqOLUY9rOw=/510x318/top/img-s3.ilcdn.fi/60433f0238f6c28f4740434e061a45ad7c6b735a40afb090f24fe1a7dc592dc0.jpg,000625D11FA1418F83183075791DF9C7
2025-12-30T15:00:40.000Z,Naisten muisti riskissä ,"Alzheimerin tautiin liittyy asioita, jotka voivat yllättää erityisesti naiset. Tämä sinun kannattaa oikeasti tietää Suomen yleisimmästä muistisairaudesta. Tutkijat paljastavat, mitä jokainen voi tehdä jo tänään suojellakseen muistiaan. ",https://img.ilcdn.fi/1QiuYkzmGa7ov_RuskC5GY3OrA0=/510x318/top/img-s3.ilcdn.fi/617ea825f8716ed2e9a40d2b4001128460c2d6661d6aa4be0cc8c20da3249e57.png,A62FE45B93604391A2E216E15FEC0FC0
2025-12-30T15:08:06.000Z,Asiantuntijat mykistyivät tämän sähköauton edessä – ”Energiatehokkuuden taidonnäyte” ,Alma News Median Vuoden parhaat sähköautot -kisan toiselle sijalle sijoittui ylisanoja kaikkialla kerännyt Mercedes-Benz CLA.,https://img.ilcdn.fi/InXCeELL9aDWqPjYm2onXuQcz4c=/510x318/top/img-s3.ilcdn.fi/c8dc68a409175647c4cba55376e084b8b571ec5302dc023a908979c813722a83.jpg,94EA480E15C744F793E776CE4897B3BC
2025-12-30T15:09:11.000Z,Jethro Rostedt pilaili Sarah Dzafcen kohulauseella,Jethro Rostedt otti Sarah Dzafcen kohutun lausahduksen omaan käyttöönsä.,https://img.ilcdn.fi/qESTcqI8joSW2N4KCUyVLGCdXxk=/510x318/top/img-s3.ilcdn.fi/3a452f4f6a9cf9b93ba114b28960e89748b5d9c1be390fded42c4d2c5c24a415.png,89185B32827E489D9E933EDCAD7DDDED
2025-12-30T15:15:35.000Z,"Fazerin konvehdeissa on edelleen jotain, mitä ei pitäisi – Näin yhtiö kommentoi ","Fazerin konvehdeista löytyy edelleen palmuöljyä, vaikka yhtiö on sitoutunut poistamaan palmuöljyn kaikista makeis- ja keksituotteistaan vuoden 2024 loppuun mennessä. Yhtiön mukaan palmuöljyn poistaminen tuotteista etenee, vaikkei alkuperäisessä aikataulussa.",https://img.ilcdn.fi/-J2pqSjB_gAyY0XMabmNPYqeDjM=/510x318/top/img-s3.ilcdn.fi/a08537f3a0e8e9001622b70549563b9f4ee0e04c5c2367765b9eb4cff89c9633.png,19AC35ABE0D446F7AB1A674E8FC8A5D7
2025-12-30T15:23:43.000Z,Teiskon turmassa kuollut 15-vuotias oli helsinkiläisen koulun oppilas – Koulutoverit saivat musertavan Wilma-viestin,Munkkiniemen yhteiskoulu lähetti viime viikolla Wilma-viestin koulun oppilaan tapaturmaisesta kuolemasta.,https://img.ilcdn.fi/cr8Rl0CwEpbnfMrc7vyAphPfO5c=/510x318/top/img-s3.ilcdn.fi/4b2bd0a88847f70586421f6950791ca884544289dfc8e215ad18f0b7ccc603d7.jpg,0EFBBDA73150451A8DFC689F8B778C3C
2025-12-30T15:24:02.000Z,Kalle Palander ja Aleksi Valavuori nyrkkeilykehään – Valavuori vaatii järisyttävää summaa ottelusta,Kalle Palander ja Aleksi Valavuori kohtaavat nyrkkeilykehässä.,https://img.ilcdn.fi/VqY6sG1vW8SgGxjFlT8nRN7RSVY=/510x318/top/img-s3.ilcdn.fi/8cbcc16e905d92444c0056a885f2fd1fc1b391d51976438694d949335317d22c.jpg,E75C622B58854C059818CB36263B8CBB
2025-12-30T15:48:09.000Z,Ruumiinavaus tehty – Norjan ampumahiihtäjän perheelle iso pettymys,Perhe odotti ruumiinavauksen tuloksia saadakseen selvyyden nuoren miehen kuolemasta.,https://img.ilcdn.fi/rdLZISNs8phqQS9pgpokMwNlqSY=/510x318/top/img-s3.ilcdn.fi/bd943e885934ecce419482f0e28914214c75419bd9bc43f5c8bcd422b9f50103.jpg,B251013A939D4CB299F0F02EBAC4D8FE
2025-12-30T15:57:55.000Z,Supertähden Trump-puheet saattoivat tuhota koko uran,"Nicki Minaj’n puheet hämmentävät faneja, eikä se ole mikään ihme, kirjoittaa Iltalehden toimittaja Ismo Puljujärvi.",https://img.ilcdn.fi/JEKC4T4so7HF4cZNZG3Q4aST2Xw=/510x318/top/img-s3.ilcdn.fi/f9cf8e1af3b044ddfbf63370ea0605ac39d7b99b9005088ebc50ead593ecc079.jpg,48FAA9EAB0E94041967C964F4DA71695
2025-12-30T16:09:10.000Z,Suuri pankkimurto Saksassa – Saaliiksi kymmeniä miljoonia euroja,Saksan poliisin tiedottaja vertasi murtoa kuuluisaan toimintaelokuvaan.,https://img.ilcdn.fi/Ho9H-7iSmuEI6refHwOEwtu_Y9w=/510x318/top/img-s3.ilcdn.fi/b4bf046a707c193ff1e1cad002e46ba9fb5e9ee38fb1e240a088629c4ef6decb.jpg,D4FED5AC983A4CCDB626F1CAD2C9369B
2025-12-30T16:22:47.000Z,IL seuraa: Nyt oli emämunaus todella lähellä – Kriisijoukkueelle vahva alku,IL seuraa vuoden viimeistä SM-liigakierrosta tässä artikkelissa.,https://img.ilcdn.fi/SStxI9n1nXMMjmG21TaufzEqv8w=/510x318/top/img-s3.ilcdn.fi/75bf88b2e6a8f90c48f5ed61c5f4c0f2e80123c2927276873b394ac1731d7f28.jpg,52212E9C262D471F826F7957A530E3E3
2025-12-30T16:24:36.000Z,Podcast: Antti Lindtman kertoo elämänsä pahimmasta päivästä: ”Se tuli niin puun takaa”,"SDP:n puheenjohtaja Antti Lindtman kertoo Iltalehden Kuka minä olen -podcastissa päivästä, jolloin hänen elämänsä romahti.",https://img.ilcdn.fi/HZuT3zvI9sxfcsqpLerZhLtMTtM=/510x318/top/img-s3.ilcdn.fi/65e81a0ae3df2a88d843c1e235aa9820b9d06f6055e86adf5da69ba97b5bdc12.jpg,CC338BA87AAE4013A272FD6957276D4F
2025-12-30T16:35:53.000Z,Blue Financen tapaus: Ei syytteitä,"Syyttäjä arvioi, että riittävää näyttöä tahallisuudesta ei ole.",https://img.ilcdn.fi/6JzjPGZrBXaezXKNW3kJ8LvE400=/510x318/top/img-s3.ilcdn.fi/7abf59bf83cdb7e6413eac052a33a196fa03a046423a57c8d1aab7eb8686009f.jpg,C74924E3DDF349B5B7F16BD01883401C
2025-12-30T16:39:50.000Z,"NHL-tähti Mikko Rantanen myi taloa 4,4 miljoonalla dollarilla – Käänne tapahtunut",Tekikö Mikko Rantanen miljoonakaupat?,https://img.ilcdn.fi/trq4v7HA5-GTo1doKIgjRsJvIbQ=/510x318/top/img-s3.ilcdn.fi/5aa2ac9d02cd10a3b6b679d318f6d20f06abf7209773230f731b192753fee96f.jpg,72DC29CCB69B4CB6920508128ABBB866
2025-12-30T16:53:47.000Z,Eronneelta Janni Hussilta vuolas avautuminen: ”Pelotti”,Eronnut Janni Hussi pohtii kulunutta vuottaan ja avautuu hänelle merkittävästä hetkestä.,https://img.ilcdn.fi/cc-BYNJ88-4qSttqC0LLDVKuQ-4=/510x318/top/img-s3.ilcdn.fi/00eb9a3606bfd3120abd5f947c3ac2a83bb30723486372bff52d4daebd2752b1.jpg,AFD20EA00BE34587A6C8A5F5F1BA25B4
2025-12-30T17:09:08.000Z,Nyt ne tulevat taas: Joni Rissasen kullicollarit villitsevät jälleen – Mukana iso muutos,Joni Rissanen palaa suositun kullicollarikeskiviikko-ketjun pariin tauon jälkeen. Jatkossa hän jakaa vastuun konseptista toisen henkilön kanssa vuoroviikoin.,https://img.ilcdn.fi/jP44ztz9X2oC-4dphVFzeMJ1Tjc=/510x318/top/img-s3.ilcdn.fi/ec190be9923f6ea449946dd496eeb9413d93e99c27f9f87330cafaae2fc71ac5.jpg,675FE211164A4BE99A3D03927EC74AAF
2025-12-30T17:13:35.000Z,"Kimi Räikkönen julkaisi kuvan Suomesta: ""Kiva paikka""",Räikköset suuntasivat Pohjois-Savoon.,https://img.ilcdn.fi/O8aWFbPusxMelegmg2olRIiVTdQ=/510x318/top/img-s3.ilcdn.fi/6fdeabc826cbb24e1fb42d3812ba8ff65b81d3118baa5299fff48730f63f8131.jpg,2DA6BAE97F8C4BA9BA6201B47BCA7CD9
2025-12-30T17:25:21.000Z,Suomalainen somevaikuttaja: Avioero,Somevaikuttaja Anna Pastak ja hänen puolisonsa ovat päätyneet hakemaan avioeroa.,https://img.ilcdn.fi/xi9zQ4XcLdgEWQJHE6BYMyj4ME8=/510x318/top/img-s3.ilcdn.fi/e4c593c4b3720f66d55c7fb7e6ebf30e01401df49ce992156c35c7cef8aa3646.png,48BB45A07E2D4A129B275423D20F9B0B
2025-12-30T17:26:33.000Z,Jukurit tiedotti huippuhankinnasta,Ranskan maajoukkuetähti siirtyy Mikkeliin ja Jukureihin hommiin.,https://img.ilcdn.fi/p6kKHNSxer18Wfl04LTgNtn7X7A=/0x0:3000x1876/510x318/top/img-s3.ilcdn.fi/050cde8e2730a0e49710fe66ceafde9cdc0c615631e993f79093b0a71be3b3ed.jpg,1F7926589BC94207A4F21551B59D2F2F
2025-12-30T17:28:47.000Z,Demariäänestäjien päät kääntyvät,"Hyvin mielenkiintoinen liike on nähtävissä pääoppositiopuolue SDP:n kannattajissa, kirjoittaa Juha Ristamäki.",https://img.ilcdn.fi/-NAwwpEWJfR_MrkVL45fJzb_2JQ=/510x318/top/img-s3.ilcdn.fi/d89129e4a95f3bce2906d54ac182300c85dbf05f3a1c4ffb875179395bba82ff.jpg,7E4C7B4D9651451290F60314848669B3
2025-12-30T17:37:01.000Z,Älä pyydä näitä huoltomieheltä,Työskenteletkö kiinteistöhuollossa? Kerro kokemuksistasi!,https://img.ilcdn.fi/vnZSKjbJwnmR3mFqjEN-jIuidHQ=/510x318/top/img-s3.ilcdn.fi/2a3145f7d288721cdc69075ed61eee5e1ba119af52e752f500037a6bf882b874.jpg,8875FFAF5C914B779806FF150CAB7278
2025-12-30T17:55:06.000Z,Markkinoille saapuu uudenlainen hoito lihavuuteen,Tutkimuksissa tablettimuotoinen lihavuuslääke on osoittautunut tehokkaaksi.,https://img.ilcdn.fi/Mf0Nad8qVqkCbhRosZOfFQ8b08s=/510x318/top/img-s3.ilcdn.fi/77ccac7117cc6ac073b2e77950298b8bd7465e6dd05b5db9f17c5d24f071ddfe.jpg,8EBBFAFE1D8D4CCEA563316750554900
2025-12-30T17:56:32.000Z,"Suomalainen Kevin, 30, hämmästyttää Pohjois-Amerikassa – Käsittämätön saavutus",Kevin Lankista on vaikea ohittaa rangaistuslaukauksissa.,https://img.ilcdn.fi/UGPVYKTN0yrkawf6mAgfaGPbNS0=/510x318/top/img-s3.ilcdn.fi/501667984aff57ad320e9f98ce874a9eb20e1e0a2158822e152e7541af02c8a8.jpg,40FEF9570A574BF0A0CC3C2695320C82
2025-12-30T18:02:56.000Z,Hanna järkyttyi Elixian ohjaajan sanoista – ”Aika toksista puhetta”,"Ryhmäliikuntaohjaajan puheet eivät ole Elixian linjan mukaisia, sanoo maajohtaja Elli Holappa.",https://img.ilcdn.fi/1QGYJ8EHQqdtkdPdhtOPS3u8SCo=/510x318/top/img-s3.ilcdn.fi/eb174d6476af983dffe26cd71d6db67b11a7d6a7cd2ffc4393b68b296177dd54.png,E0CDD90E284F4A408999B475873EC841
2025-12-30T18:10:03.000Z,Hylätyt miehet,"Mies, vältä nämä ongelmat, jotta naisesi ei jätä sinua. Psykoterapeutti ja Väestöliiton johtava asiantuntija Heli Vaaranen kertoo, miksi tietyt ongelmat riivaavat miehiä parisuhteissa. Vinkkien avulla suhde voi pelastua.",https://img.ilcdn.fi/3CfiUPuODCEq5hTkGQ_8Vw_sAWQ=/510x318/top/img-s3.ilcdn.fi/4ae3dd923e65e7d39039b0ce96a8bb0be8cebc3e3469a690b5f05c3510740173.jpg,38F7759A45334D6283C6B856D0E30DD7
2025-12-30T18:18:50.000Z,Raju törmäys Tukholmassa – Useita ihmisiä sairaalaan,Bussia ajanut kuski vietiin lääkärihelikopterilla sairaalaan.,https://img.ilcdn.fi/sXqraGZ1pacoESu8BqLwdYuuBJU=/510x318/top/img-s3.ilcdn.fi/bf0d9e64f80c4d51046e94b9f0ccbc69227ab469d41302e8df930e2ddb2c45e9.jpg,EAAE35F5432C499AA3E4F6B11719F322
2025-12-30T18:20:30.000Z,Ivanka Trump julkaisi kuvia perhelomastaan – Lasten ulkonäkö kiinnitti median huomion,Ivanka Trumpin perheen vaatetus kiinnitti erityisesti Hello!-uutissivuston huomion.,https://img.ilcdn.fi/Aq9vwLmKFEbKKJ-_JWSIG9yoIkc=/510x318/top/img-s3.ilcdn.fi/38b3c2b3cdfeca5029560103424f84fb9c69532cd01e04cca47c54f4de1d05b4.jpg,1F1F0F5C0FFF4825BBBC75497D85BB95
2025-12-30T18:30:05.000Z,Kurkistimme 500 000 euron auton hanskalokeroon – Miltä näyttää äärimmäisen luksusauton käyttöohjekirja? ,Saimme käsiimme Rolls-Royce Spectre -sähköauton käyttöohjekirjan. ,https://img.ilcdn.fi/Wy8tlhet4Lfl0t-EVWfrvCUpu0s=/510x318/top/img-s3.ilcdn.fi/1eabd44db1bb777fd8d2a99ddd4dd6466f76438b08f287fba10b6cf7e3bf23dc.jpg,99B3EAB115D94D319D3C5CE640DECA42
2025-12-30T18:35:45.000Z,Yllätys Venäjän kutsunnoissa,Venäjä kutsuu vuonna 2026 palvelukseen 261 000 asevelvollista. Määrä on vuotta 2022 lukuun ottamatta pienin sitten vuoden 2019.,https://img.ilcdn.fi/ZFKR5_NNartgMofRqtxhvDLKzP0=/510x318/top/img-s3.ilcdn.fi/9783b3cb7b5fbb025b15b88257ff6c91b498ad14110ee159d2ba3d04783def13.jpg,81BD86E6FB73453DB33DFE203B3DAFF7
2025-12-30T18:51:53.000Z,Mel Gibson ja Rosalind Ross ovat eronneet: ”Surullista”,Mel Gibson ja Rosalind Ross ovat eronneet liki kymmenen vuoden yhdessäolon jälkeen.,https://img.ilcdn.fi/V6yTqlMKq0uW6NaZ2oWuLs_cwf0=/510x318/top/img-s3.ilcdn.fi/a46f641c214a221eb7040ba44e73c9d5ec931cb7ebdd7277594206d8438304ab.jpg,E83755576EFC4CD8A8E227E3959AB5C6
2025-12-30T18:54:38.000Z,Ruotsin superlupaukselta pöyhkeää käytöstä – Häipyi kesken kysymyksen,Alvar Myhlback oli surullinen Tour de Skin toisen kilpailun jälkeen.,https://img.ilcdn.fi/wSlBvfqCk71XCGxNTeQv46zUhDg=/0x15:2372x1497/510x318/top/img-s3.ilcdn.fi/87965a3b7d3aac7942cbe9b5d29a98830e7438d5b8ba4d5bf05051b87a2f7157.jpg,75132B81C1C54277B40A4AC92446910B
2025-12-30T19:18:16.000Z,Trump joutui julman pilan kohteeksi,Yhdysvaltalaiskoomikko Toby Morton on luonut selvästi Trumpia piikittelevän verkkosivuston.,https://img.ilcdn.fi/x8_ZvE69eXk0Ex_VvIDE55pSfTA=/510x318/top/img-s3.ilcdn.fi/8ba09d1e1850e108fda4397eb199cff05fabbbf07951b2dc64638e514491671d.jpg,94FAAB98D3694645B83936846F71FE8A
2025-12-30T19:59:11.000Z,Mika Salolta painava päivitys avioliittonsa tilasta,Mika ja Annica Salo ovat olleet hiljattain avioerokohun keskellä.,https://img.ilcdn.fi/ZbbEneHpjuLP-C7V0mqzlxopkZw=/510x318/top/img-s3.ilcdn.fi/72ce07f1dc4b42f3cfd492f80349d5ef67cb7c6c3bb4cab5ae9b6742ef3cd668.jpg,90AD26A6D31F4A5A880EFC3D0EB85E79
2025-12-30T20:13:38.000Z,Erittäin hämmentävä palkinto – Norjalaishiihtäjä tarvitsi apua,Miksi Tour de Skillä jaetaan kivikasoja?,https://img.ilcdn.fi/9y580PA1RLP_3aVjj3dqHWQMSKI=/510x318/top/img-s3.ilcdn.fi/e917315a98c4cf6a7fdb517d7070ca79ee0a33bb7674371311819f6b8d4e785f.jpg,4F72E933E4054A31870CFA9BF515AC91
2025-12-30T20:14:25.000Z,Pahamaineinen hakkeriryhmä iski Ranskan postilaitokseen,Venäläismielinen Noname057-hakkeriryhmä on väittänyt olevansa hyökkäyksen takana. Sama ryhmä on hyökännyt myös suomalaisiin verkkosivustoihin.,https://img.ilcdn.fi/6rgixn9_VjioTTrWpL7ZBUTtH5Q=/510x318/top/img-s3.ilcdn.fi/7e98d4b0efe2d6dcf740c5644412438670d44dea46244bd70dac92c0c002a0ff.jpg,B4CDCC46530D45F48F26F1936EFD9FD5
2025-12-30T20:17:03.000Z,Yksi kuoli kolarissa Porissa,Kahden ajoneuvon peräänajo tapahtui tiistaina Porin Noormarkussa.,https://img.ilcdn.fi/GJZiQMncHRFgeMtHs4lI2XrEjtk=/510x318/top/img-s3.ilcdn.fi/58df644a25964375ddb9d622fe67e841e2888c1a54270f52e430e46ab8054a19.jpg,976F632442704831A7C040B4497D7B6D
2025-12-30T20:25:34.000Z,Holiday Clubin nimissä on levinnyt petollisia viestejä – Mukana asiakkaiden oikeita tietoja,"Whatsappissa tulleissa tietojenkalasteluviesteissä luetellaan oikeita varaustietoja, kuten varausnumero ja asiakkaan nimi.",https://img.ilcdn.fi/HaouySbhiFidfuNmWE-xpBhNx8I=/510x318/top/img-s3.ilcdn.fi/717b1741e111a15f33576e5ae70a4f30efbad44c86988056a1ae84c23f3ff128.jpg,37941FB3E935433DB05D1B734F54FD28
2025-12-30T20:28:20.000Z,Pate Mustajärveä esittävä kuva herättää kritiikkiä: ”Ihan oikeasti”,Pate Mustajärvestä tehty graffititeos ei ole kaikkien suomalaisten mieleen.,https://img.ilcdn.fi/Fk1D80OUYrZug93cZAQE0lFdCzU=/510x318/top/img-s3.ilcdn.fi/68cfa8d27f805c9b1282e49604407d93dd2f7b916321ad275f28713db46cd376.png,C610472BFB9E433B90191ECCE4FC13BE
2025-12-30T20:36:17.000Z,John F. Kennedyn lapsenlapsi on kuollut 35 -vuotiaana,Yhdysvaltain entisen presidentin lapsenlapsi ilmoitti vasta marraskuussa sairastavansa parantumatonta syöpää.,https://img.ilcdn.fi/l6LOlnPq-hNB4D-k-dz8voBpdXw=/510x318/top/img-s3.ilcdn.fi/5f79c4a0ebafb76cb09c04aa8d8a1a67b550397a8b5e1a3911d8e00407f4241b.jpg,C834163E595446F3BC35FFB19223988E
2025-12-30T21:00:08.000Z,Tällainen on Putinin hemohuvila – Trump kimpaantui Kremlin väitteistä,Putinin ökyhuvilaa suojaavat mediatietojen mukaan 12 ilmatorjuntajärjestelmää.,https://img.ilcdn.fi/zQvcbA7yMygVuAvWpoR40XeLes0=/510x318/top/img-s3.ilcdn.fi/aa9bdb14b923f98b96ae025f8def8cfd1d7e1a7095112abd28d6b63ff74ebf59.png,E20AA62C935C4B30874C75C4A79969DD
2025-12-30T21:30:21.000Z,Kuvat paljastavat moottorisahamurron jäljet,Ikämies säilytti rajua asekokoelmaa sänkynsä alla.,https://img.ilcdn.fi/U9cSsoKMCNVVJ9W_w9OiRVWDauQ=/510x318/top/img-s3.ilcdn.fi/03fdd7e7ef24c8ee932ce779c0615c553cb6842ad1afc5017a9ea96358b5a7e0.jpg,12E829AFA53A41A0B3C88BF1C784C86C
2025-12-30T21:31:46.000Z,Mitä tapahtui Eurojackpot-arvonnassa? ,Eurojackpot-arvonnan tuloksia ei ole vieläkään julkaistu.,https://img.ilcdn.fi/FGqJQvhXT2N3Pm8SF6NqGcbCfbQ=/510x318/top/img-s3.ilcdn.fi/49183c628f2c5da2cf5fd6014e53c92ceed19340c03b135b09d39b588004c762.jpg,E2B026E92D3348F5AACB407539A9A2F9
2025-12-30T22:05:20.000Z,Kim Kardashian ja Kanye West erosivat riitaisissa merkeissä – Nyt tapahtui täyskäännös,Sisäpiiri kertoo ex-parin viettäneen joulua yhdessä.,https://img.ilcdn.fi/psoe-MJlWLeGEwRAwsdi_Q9FXjI=/510x318/top/img-s3.ilcdn.fi/4e18fd44100f33672f6bed7c21656b75d65f1d2f608ea2b836ef0aa3ff261672.jpg,593543927E664AADB8F54967F35143BF
2025-12-30T22:54:54.000Z,"Eva Wahlströmin lapsi sairastui – Äiti kertoo kauhunhetkistä: ”Pelottavinta, mitä olen ikinä kokenut”","Entinen nyrkkeilijä Eva Wahlström kertoo, että hänellä on viesti kaikkien pienten lasten vanhemmille.",https://img.ilcdn.fi/UccB7MASreXh2P2p99ldhmNuOWc=/510x318/top/img-s3.ilcdn.fi/04bb39b90b72a623182516c3ef8c172bb021173d09e055885d858d3ccdee8f5c.jpg,C0CB6563E2F24F3A8CE52FA679B8B820
2025-12-30T23:37:07.000Z,Kreml: Putinin olinpaikka on jatkossa salainen,Tähän artikkeliin on koottu Ukrainan sodan keskeisimmät tapahtumat tiistailta 30. joulukuuta 2025. Kyseessä on sodan 1406. päivä.,https://img.ilcdn.fi/H0BPN_haor1mwjKALfB4mn0sHAE=/510x318/top/img-s3.ilcdn.fi/f37ce811ab5e01e3f36b1d74a67ab84dca888572898282d571ead3c31487f22d.jpg,59D647A8C8A44C009C3A94BA1DFE31CF
2025-12-31T00:00:34.000Z,Horoskooppi,NULL,https://img.ilcdn.fi/jm9wPlnoWFx5jhlXkB6i6JzE1x4=/510x318/top/img-s3.ilcdn.fi/8d5c61e8c61ff106bc8907444720fdd5e3bdfa0bdec71d9ddc943f19d86978bd.jpg,22529EEA4D40454AA679C55400DAD1CE
2025-12-31T00:07:45.000Z,Junakaaos Euroopassa ,Häiriö Kanaalitunnelissa on aiheuttanut peruuntumisia ja viivästyksiä tuhansien ihmisten matkoihin.,https://img.ilcdn.fi/AUhIWHFE_hSmc-v0aZgTecuMiWU=/510x318/top/img-s3.ilcdn.fi/50ae44e33f3845861a1e9b8bb38572170d109b97764835748e8de38fd7839e3c.jpg,CB3AC3B09FBB4738A6D694D4061C0DDE
2025-12-31T00:56:10.000Z,Beyoncé on miljardööri,Beyoncé ja hänen aviomiehensä Jay-Z ovat yksiä harvoista muusikkomiljardööreistä. ,https://img.ilcdn.fi/N0z9idxY2Di28hKZjOJ-k9VZlyw=/510x318/top/img-s3.ilcdn.fi/e2c0fd61b62dfc46a3e7e9b081dfef517b3ec1e909c34386d9b1cfc996bec8a3.jpg,B9A71B203F644A8480F29C32D6E55F0B
2025-12-31T02:53:09.000Z,Uutta tietoa Saksan valtavasta pankkimurrosta,"Saksassa pohditaan nyt, olisiko pankkimurto voitu estää.",https://img.ilcdn.fi/bMQ_e4D1U6BjC_nFWtzQnhKa1so=/510x318/top/img-s3.ilcdn.fi/4bec69f95e78d1505a3b993ad868afc6a01c965998288258376b1a8cb00517e1.jpg,D3EC9278D9C84FA6AF9142D24F521F46
2025-12-31T03:00:23.000Z,Näin uusivuosi otetaan vastaan televisiossa,Television uusivuosi on musiikkia täynnä.,https://img.ilcdn.fi/ndCL5cxqWJGeEPdUykcbemZWCSQ=/510x318/top/img-s3.ilcdn.fi/0c810731c7404ba9b4020c15967a9f7d8e617cc7c7c5fa8ceffa5c35ca202138.jpg,5A21AC6DC5E04054842BD6FA829A1A9B
2025-12-31T03:27:13.000Z,Ankarin väri ilmestyi Ilmatieteen laitoksen varoituskartalle,Ilmatieteen laitos varoittaa hyvin vaarallisesta säästä.,https://img.ilcdn.fi/211UgOC3XcOOmxyDw8DrTiHRQXA=/510x318/top/img-s3.ilcdn.fi/e5eb54572a713152102a31a2bdd1e8d03bf81507bd38a3f371b641a0c0aab66f.png,B1B7112B74C24BD795CC49FC2557F036
2025-12-31T03:30:02.000Z,Älä ohita vaaran merkkejä kotipihallasi – Aamu erityisen pahaa aikaa,Lumitöiden tekeminen on sydämelle liian rankka rasti.,https://img.ilcdn.fi/srVvzMwyvKsSfK0L1jOukSuWOUI=/510x318/top/img-s3.ilcdn.fi/b772a0af12ca27f8ff02490a1750cfd8b524267f874c20523ead0de2d17c1786.jpg,C3F42D40EB404C97AAEAF3EF6A2D1D5D
2025-12-31T04:00:11.000Z,"Kovat muutokset voimaan heti 2026 – Katso, mikä kaikki koskee sinua","Iltalehti kokosi yhteen vuonna 2026 voimaan tulevia lakimuutoksia, joista monilla on vaikutusta suomalaisten kukkaroihin. Tämä koonti kertoo kaiken, mitä tulevasta vuodesta pitää tietää. ",https://img.ilcdn.fi/Rx2bBQDY1Nxqkv-_9wArfzuuvc0=/510x318/top/img-s3.ilcdn.fi/f398c7566974c9ee0e6457ccf634fcde2d24f863de64e7daf3dcb4f31f4e8553.jpg,E1223632B41B44B3AE212760172AEC5F
2025-12-31T04:31:18.000Z,Oletko aina ampunut raketteja väärin? Tässä ohjeet oikeaan ampumiseen,Suojalasit ovat pakolliset raketin ampujalle ja niitä suositellaan myös katsojille.,https://img.ilcdn.fi/dqWPECeA8nao10unWBGX5PwAPSE=/510x318/top/img-s3.ilcdn.fi/74e38942d890545da14d2f894941fd00b6aa7e043ec4dbfaf5f32722a9dca1ec.jpg,8C6D63FBA6E142CAB3EB530EF53B959D
2025-12-31T04:36:44.000Z,Rohkeus palkitaan,"Pelivuosi on ollut poikkeuksellinen. Julkaisijoiden riskinotto on kannattanut, sillä vähemmän tunnetut, indie-tuotantoina aloittaneet pelit ovat menestyneet.",https://img.ilcdn.fi/dMUFSxfcl8-HVehp3JNZ02BlYjA=/510x318/top/img-s3.ilcdn.fi/d52e87eeb6562e9454db1524a105fe2dd918e64da983eedf29fd4b05d9200a6f.jpg,C4107511090F4BC9A77B7A0EF37D0E17
2025-12-31T04:37:10.000Z,Lauri Markkasen joukkuekaveri varasti show’n,Keyonte Georgen tykki-ilta ei riittänyt. Utahin johto suli kotiyleisön edessä.,https://img.ilcdn.fi/mVVj671l97wnZ3YyWIm4AvUbulQ=/0x64:3000x1940/510x318/top/img-s3.ilcdn.fi/c4396792162d7728f733707cc592fa8c2b482b96b937f30f5063bcc9e2143f52.jpg,A10ED2C5A398400784EA713E148E780B
2025-12-31T05:01:27.000Z,Lidl julisti poikkeuksellisen alen koko tammikuuksi – Näin asiantuntijat sitä arvioivat,Lidl ilmoitti laittavansa kaikki hedelmä- ja vihannestuotteet alennukseen koko tammikuun ajaksi. Kampanja voi asiantuntijoiden mielestä olla toimiva tapa houkutella uusia asiakkaita.,https://img.ilcdn.fi/B2EQGXpkwUyf1Ul37TmkN1pG85w=/510x318/top/img-s3.ilcdn.fi/f6c7e300e987eb2cfe8ff69691596329f44e2aea4567e489c975b0290ccd8076.jpg,C55669069FFD403AB28D85A613850E70
2025-12-31T05:03:13.000Z,Vihdoin! Teuvo Teräväisen hurja putki päättyi ,Suomalaishyökkääjä onnistui maalinteossa pitkästä aikaa.,https://img.ilcdn.fi/FFTe3pRrCfxqA4WrTCG1YMzBz0U=/0x60:3000x1935/510x318/top/img-s3.ilcdn.fi/57d8cfd731ee491b01a0d98746bf185179b660a2ba3646f78f219262620ea26f.jpg,85B8D8924AB94747A399D0B6CAA4FF21
2025-12-31T05:32:28.000Z,Johtaja teki ”liikaa” töitä – Potkut tuli,"Työnantajan mukaan irtisanomiselle oli lukuisia syitä, joista mikään ei kestänyt oikeudessa.",https://img.ilcdn.fi/ncMk5DfF3SDYzQ1XxNxeeebC2R0=/510x318/top/img-s3.ilcdn.fi/72a6997a08d554e7786f4903893c36847509e54056bc967cf7a8b74e4d073d8c.jpg,48EC2000CA074D0F89D494D7C5D84A68
2025-12-31T05:33:00.000Z,Todella erikoinen kilpailu Tourilla: ”Kukaan ei tiedä mitään”,Viiden kilometrin vapaan eräyhteislähtö on keskiviikkona kilpailuohjelmassa ensimmäistä kertaa Tour de Skin historiassa.,https://img.ilcdn.fi/SKWm8yTc6BnjZu2vThvHS-n29x8=/510x318/top/img-s3.ilcdn.fi/a9652d28bd36da6c8ef3849d6f70bba966206ac0842d6001417bb3f40ad18bbb.jpg,5DCFFC2A25A84D749433C859BE8B33C5
2025-12-31T06:01:28.000Z,Autojen verotus muuttuu huomenna – Näin oman autosi maksuille käy,Dieseliä käyttävät lataushybridit ovat huomenna voimaan astuvan verouudistuksen voittajia. ,https://img.ilcdn.fi/niIu-kptCMTqYsiea3nNofWZqvo=/510x318/top/img-s3.ilcdn.fi/7b5ee04eb1b08b6d0c23e6b4ce45ecad6a6367315143f5a82e057f35c5024c52.jpg,BF2C39B9383E4A2DAF5B628ADB9E095A
2025-12-31T06:05:19.000Z,Timo Jutila kertoo hurjasta löylytyksestä: ”Lienee niitä harvoja kertoja”,Suomi voitti alle 20-vuotiaiden MM-kisoissa vuonna 1982 pronssia. Alpo Suhonen oli päävalmentaja. Timo Jutila luuti pakistossa.,https://img.ilcdn.fi/rFaOPnbtPGe8WOoM22eR8Y60IAI=/510x318/top/img-s3.ilcdn.fi/8cd69912d89337093e7cf46c3420ba6c517064bf40a04f0031d3240e63610c03.jpg,6E5A9F5C0EE24A7F87E0A15EA46FF5C8
2025-12-31T06:06:28.000Z,Sarah Dzafce julkaisi kuvia juhlistaan – Kertoo joutuneensa selittämään asuaan,Sarah Dzafce esittelee syntymäpäiväasuaan sosiaalisessa mediassa.,https://img.ilcdn.fi/_WTryPkVuWiMRbUCayspVNA4LBo=/510x318/top/img-s3.ilcdn.fi/10ccd823c6cce5e98d17e271c1bb12f760caffe5488569430a0ce2025ce2ec66.jpg,3BC0BDE1451A47E0B57CCCD2945545FC
2025-12-31T06:32:11.000Z,18-vuotiaalle supertähdelle buuattiin rajusti – Heitti sitten jäätävän kuitin faneille,Luke Littleriä eivät buuaukset haitanneet.,https://img.ilcdn.fi/9ZITv8r3g9zLIa5ZXr9nWGyMxmk=/0x4:3000x1878/510x318/top/img-s3.ilcdn.fi/9f2e437abb1d9f8a6077de54a3bae466accd72ba60151a608a11f7b25b7a1a19.jpg,11380A002D9346298E9C79BD008019D3
2025-12-31T06:32:12.000Z,Synnytys kesti 79 tuntia – Nämä julkisuuden henkilöt saivat perheenlisäystä vuonna 2025,Tänä vuonna syntyi paljon vauvoja julkisuuden henkilöille.,https://img.ilcdn.fi/rLw71kAdaxMF7cu-WMMwOO1ML4o=/510x318/top/img-s3.ilcdn.fi/eaaee27d6840751b8d437704270e05f5b241cc5035ecb20d561d6ec35628cf4f.jpg,E47C5499AFE2438987AE36193BD3A146
2025-12-31T06:38:54.000Z,Huolestuttava tulos: Yli puolet ei tiedä sairastavansa tätä näköä vaarantavaa sairautta,Salakavalasti etenevä ja näköä uhkaava silmäsairaus jää usein huomaamatta. Tutkimuksen mukaan jopa yli puolet sairaustapauksista jää diagnosoimatta.,https://img.ilcdn.fi/Db9dMF_sqDzQglTnfTph77ICUw4=/510x318/top/img-s3.ilcdn.fi/0de4fd00396c8dc02130f207d03746b880dd1aa4d1cffccc41306ee0335ae93f.jpg,4652201DC30743358B8D6F07DEFAD1B4
2025-12-31T06:47:18.000Z,IS: Klara Kivilahti sairastui aggressiiviseen syöpään – Yksi oire herätti,Seurapiireistä tuttu Klara Kivilahti sairastui vakavasti.,https://img.ilcdn.fi/Imu6IFTR-1s1uIiN4bl4aPItHGg=/510x318/top/img-s3.ilcdn.fi/9fc1427e144b6de9b76c584a88f35b4bab94089da86fcc1f01edac7652cc4711.jpg,FF760F2684B34B37A3C7B2CC5B150DA4
2025-12-31T06:56:59.000Z,Raivo repesi kansanedustajan puheista – Eläinasiantuntijat: Tunnekylmää,"– Jos pitää omaa hauskanpitoa eläinten hyvinvointia tärkeämpänä asiana, se kertoo henkilön arvomaailmasta paljon, sanoo eläinfilosofi Elisa Aaltola.",https://img.ilcdn.fi/Db09_64jQmRcWV5qIyAy6ROmIS4=/510x318/top/img-s3.ilcdn.fi/fd3bd1e3dee8aeaeffc8ecb71f48cfa817e6595fe2ef5f564df53d1acfe9f6ca.jpg,250EC125CF494BBA9A20465C9A390416
2025-12-31T06:58:59.000Z,Purra IS:lle: Tätä voisin tehdä politiikan jälkeen ,Riikka Purra voisi kokeilla yrittämistä politiikan jälkeen.,https://img.ilcdn.fi/UjRliojCU_3Uyc-X1GJBCqkcrx4=/510x318/top/img-s3.ilcdn.fi/da680d557e3f3abdabf4b634f756daba9ceb6b031cbb7810b3b64756399ddfc4.jpg,C4FC701107E04DA18A64B8CE058D7A27
2025-12-31T07:04:00.000Z,Trumpin supervuosi alkaa,Donald Trumpilla riittää aihetta juhlaan vuonna 2026.,https://img.ilcdn.fi/B3Yzfv3cn5OK8lFBO5UaejNG4_c=/510x318/top/img-s3.ilcdn.fi/600ae610de1f07781095ee4cc8dca03de543119c39a51f22975d0badcfd2aa6b.jpg,4F2A07F546BF4C03B4155C9CAEDB1E7E
2025-12-31T07:09:07.000Z,Usean poliisipartion tehtävä Lohjalla,Hätäkeskus sai ilmoituksen yksityishenkilöön kohdistuneesta uhkauksesta.,https://img.ilcdn.fi/J8KHzpS-gU5t8CxWW1j-w0hGcps=/510x318/top/img-s3.ilcdn.fi/7f7f54a4e9a792138a3404b66f4fd18c0e74a8cc1d28dd6c073803554da87725.jpg,6B7676253E744780A62E979E7385F069
2025-12-31T07:10:11.000Z,Virosta ärähdys venäläisille: ”Sama kuin Suomessa”,Etelänaapurin ykköshiihtäjä Martin Himma ottaa kantaa venäläisten läsnäoloon maailmancupissa.,https://img.ilcdn.fi/MYlkoyNVQGW51D8_4YnL2FTXGXI=/510x318/top/img-s3.ilcdn.fi/623061fa4c3f86e3dcf101a25f09a8fbefce8987adee84a918561d115108cefc.jpg,5F8D802ED06F49EB86152B2946906B7C
2025-12-31T07:19:56.000Z,HS: Tuukka Temosen Olgaa koskeva puhelu pysäytti ystävän sijoilleen,Elokuvaohjaaja Tuukka Temonen kertoo HS:lle saaneensa korvaamatonta apua ystävältään Marko Viitaselta.,https://img.ilcdn.fi/y9Go_En9XNHcJUZEkOfXRUGgroY=/510x318/top/img-s3.ilcdn.fi/f1257dd74e2a07d74741cc9cab03e0851b543c1f371f13931526e6460ec642d7.jpg,84F5364B249145BFB7A08BA3DFFECEAC
2025-12-31T07:28:59.000Z,Proteiinipommit päivän aterioille – Tätä vaihtoehtoa moni ei tajua,Proteiini on tärkeä osa terveellistä ruokavaliota. Erityiset hyödyt sillä on urheilijoille ja laihduttajille.,https://img.ilcdn.fi/26nwHxMXblQ9d8tM84d6oGxe2Gw=/510x318/top/img-s3.ilcdn.fi/e6ace359378dfa2263f91310eaeb881eb0dd08c68b1bc75967d98963214b4004.jpg,B26C311B3EC04A9FA187F8F9CE3603F1
2025-12-31T07:30:44.000Z,Oletko saamassa lapsen 1.4.2026 tai sen jälkeen? Nyt tuli odotettu päätös,Korotukset astuvat voimaan 1. huhtikuuta alkaen.,https://img.ilcdn.fi/GVyMrOv1okqyry-Bj0bMDbWw3zY=/510x318/top/img-s3.ilcdn.fi/dbb5683209bbe75081a38f4b946dac2011aa88ae965c1c6b084704beb5e10a66.jpg,3C9451873DDB4D9C9CC351BD4F6E75BE
2025-12-31T07:43:07.000Z,NHL:ssä uskomaton romahdus,Jets kyntää koko sarjan viimeisenä.,https://img.ilcdn.fi/bM8Ad5Ff0QSJ_wG1rYkwmJ4D4kQ=/0x41:1933x1249/510x318/top/img-s3.ilcdn.fi/383ee3735347b11e0ada4093b767254dd8ccfb522a16c5585ae613f1a1df93af.jpg,C016CC3745F9475F896A950E125850E5
2025-12-31T07:46:13.000Z,Petteri Orpolta hyvin synkkä uudenvuoden viesti – Yksi asia ilahduttaa erityisesti,"Putinin uho on vain voimistunut, pääministeri arvioi.",https://img.ilcdn.fi/tS-lwe0D0ZAbDX8z25au12k_TwU=/510x318/top/img-s3.ilcdn.fi/e2d228c9e4d6efd4a8c5b94b075fb3b18edd7e535aa6dbe162f0e66759f38c22.jpg,21D22B39683140E68A14E49961C67B3D
2025-12-31T07:53:51.000Z,Miestä pääkaupunkiseudulta epäillään seksuaalirikoksista Pohjois-Savossa ja Helsingissä – Uhrit ovat lapsia,Epäillyt rikokset ovat tapahtuneet vuoden 2025 aikana.,https://img.ilcdn.fi/fcAyO4AWh4o51Yi4nj8Ua8NFjkk=/510x318/top/img-s3.ilcdn.fi/44bda09a2737cf711e217779d41aec58ad7ed4ff362fe9b7db87722b49da35b4.jpg,B4208DA994124EBAB2B68A461E288B01
2025-12-31T08:00:03.000Z,”Tämä oli nyt tässä”,"Tiia, 25, on etsinyt sopivaa poikaystävää koko aikuiselämänsä. Nyt hän kertoo rehellisesti, miltä se tuntuu. Tällaisia toiveita hänellä on miehelle. ”En osaa enää suhtautua positiivisesti.” Asiantuntija tunnistaa ilmiön ja paljastaa, mistä surullisista syistä se johtuu.",https://img.ilcdn.fi/ezI3wYZz3tSNn85ZY5X9lxDhrBQ=/510x318/top/img-s3.ilcdn.fi/df706665f37725935a045606a20ff1cb22cffb78b0d66a5b2aa98936d315c0ab.jpg,52D58790754B485EB962FFB208D48DD0
2025-12-31T08:07:24.000Z,Harvinaisen pitkä odotus päättyi Helsingissä,Kyseessä on poikkeuksellisen myöhäinen ajankohta ensilumelle.,https://img.ilcdn.fi/M5KtncFi6iuGAo4fyo19UM6glOc=/510x318/top/img-s3.ilcdn.fi/1485bb8e8313cf09f91ebd83e0ac34ea22d90e433119dfd27b66fa8a28e38059.jpg,4EE1C7F77D96498590889E99FCACD9FD
2025-12-31T08:13:06.000Z,Maailman lihavimpana tunnettu mies kuoli jouluaattona,Maailman lihavimpana miehenä tunnettu Franco menehtyi jouluna.,https://img.ilcdn.fi/7FeHGtnpnqRnGN7iEoehTpSiyeM=/510x318/top/img-s3.ilcdn.fi/bd96f156471b02f92cbc4a0edfe9f429436bb29777da312ce7381e00fc987f15.jpg,0240039EC1384F3BA7131F1D3E29CA12
2025-12-31T08:15:40.000Z,Kuva paljasti kaiken: Venäläishiihtäjän valmentaja rikkoi sääntöjä,Jegor Sorinin toiminta puhuttaa Tourilla.,https://img.ilcdn.fi/lsXCNKPuTfZVxSUB3A6HpCpIV2g=/0x64:3000x1940/510x318/top/img-s3.ilcdn.fi/3dd195d56b3ad7f72f783c0f42474131c3f01cbcfd5b323de7076f7ca2866a79.jpg,8DEE14B41CC94EFAAEAD325815C15C03
2025-12-31T08:26:46.000Z,Näin paistat elämäsi parhaan lihan – Mutta yksi asia saattaa pilata kaiken ,Danskarbyssä kokki Louise Méruksen juhlapöytään katetaan peuraa ja paahdettuja punajuuria.,https://img.ilcdn.fi/g35u4v2ppnoT9FiwkUf-juhAbjE=/510x318/top/img-s3.ilcdn.fi/1c55d07cb7299093906cd13a48134d9741b98cb01da3d755c0d6e7b76e4ae8bd.jpg,551D5789930B4640900D06F669FDEA87
2025-12-31T08:46:35.000Z,Moskovassa paniikki,Drooni-isku aiheutti häiriötilan Moskovassa juuri ennen vuoden tärkeintä päivää.,https://img.ilcdn.fi/7D7-d7Bc6HJEZY91_DYE0NUeBic=/510x318/top/img-s3.ilcdn.fi/11e22b05d79e074774e288c85d264055a0db3c5076ae3e3c54d0971a382e98ae.jpg,F56BD5FB47A44668BA7153DF991C274E
2025-12-31T08:48:50.000Z,Uusi käänne rappiolle ajautuneen ex-lapsitähden tilanteessa – Ystävä kertoo ihmisten järkyttävästä toiminnasta,Ex-lapsitähti Tylor Chasesta julkaistut kuvat pelästyttivät fanit.,https://img.ilcdn.fi/mVRAOP-gJmRqMVda2Cy159kg7W0=/510x318/top/img-s3.ilcdn.fi/a81051fe33898cd71baebb4901bb8b9234dd64caccce673c25e7962885b9ccb8.png,BA2845743AFD47FF9B01B11B2E8451FB
2025-12-31T08:51:48.000Z,Sopimus revitty – Jokerien sankari jättää seuran,Arttu Lausniemen sopimus on purettu.,https://img.ilcdn.fi/wrK3KaY7dM3ymZqKEmz56HJtbRo=/0x64:3000x1940/510x318/top/img-s3.ilcdn.fi/7e31caf3fe8772fcce16e4c446989d4102bc9e32cfaff927ce9d15e4f66df145.jpg,4C2A8CA14F4D448389CB7CD90835B06C
2025-12-31T09:15:19.000Z,Päätoimittaja Aleksi Keränen on kuollut tasoristeysturmassa,Parikkalan-Rautjärven Sanomien päätoimittaja on kuollut traagisesti.,https://img.ilcdn.fi/jeMinbBoCJoVGyqM9QteBLGEk5M=/510x318/top/img-s3.ilcdn.fi/ee4a6bc68fcbe12528b3c04960c3613b6c7e118add9a033108e557d1cbb80cbe.jpg,846A80CB872C42979E7BDD464AF18FFE
2025-12-31T09:20:12.000Z,Shirly Karvisesta tuli sinkku ja pian hänestä julkaistiin pusukuvia – Näin hän puhuu itse muutoksen vuodestaan,"Vuoden 2025 tapahtumat ovat nostaneet Shirly Karvisen elämässä esille vanhoja traumoja, mutta myös kasvattaneet enemmän kuin koskaan aiemmin.  Tulevana vuonna hän haluaa kuunnella sisintään ja tehdä asioita, joita itse oikeasti haluaa.",https://img.ilcdn.fi/mVpRFFWMxRN_-oNrQ-o-r0uwf4E=/510x318/top/img-s3.ilcdn.fi/897c4038339352c7138b6c1b374e621471aece89803dd4d40cc35cfb758bba6a.jpg,97E89D48B9074F31A87F24FCD01555E7
2025-12-31T09:30:03.000Z,Venäläishiihtäjä ulos – Syy: Dopingnäytteet,Ksenia Šorohovalla ei ole asiaa Fisin kilpailuihin.,https://img.ilcdn.fi/5BX_8_LgBqf9GrRKpW9Gh5jqjJk=/510x318/top/img-s3.ilcdn.fi/4f60522806975ebacf7ad2cf759867761d44a033ffa5a10fe72058c12f28e3e4.jpg,01A8CE06C1E9471CA7CB5DF83865AB45
2025-12-31T09:34:25.000Z,"Saksassa tehtiin niin hyvä sähköauto, että suomalaiset asiantuntijatkin mykistyivät – ""Puskee koko alaa eteenpäin""",BMW iX3 valittiin Vuoden parhaat sähköautot -kilpailun voittajaksi.,https://img.ilcdn.fi/jH13I6Uo5IPpJWGfamBkhWlOAwA=/510x318/top/img-s3.ilcdn.fi/e9f9c3d131e33a44a755a919794f28b837feaf4cb000f5483b680bf4cb4e9b67.jpg,2A45FD31BFE34E759EC47F952119CF32
2025-12-31T09:36:22.000Z,Sydneyssa kovat turvatoimet – IL seuraa vuoden vaihtumista,"Iltalehti seuraa vuoden vaihtumista ympäri maailmaa. Kahden viikon takaisesta terrori-iskusta huolimatta juhlijat jonottavat jo Sydneyssa, kertoo ABC.",https://img.ilcdn.fi/lnqJNWgHSYE2N_mzD6wh0eF9WIQ=/510x318/top/img-s3.ilcdn.fi/0636ff53c4ca507ff3c12bd5801e49ec879ecf784bc7ea08c8bc2597abde8ad8.jpg,011FE563F3284E6297E0E866EA6401B3
2025-12-31T09:50:26.000Z,Hannes-myrsky katkoi poikkeuksellisen paljon sähköjä,Hannes-myrskyn tuhoja korjataan edelleen. Vaikeat olosuhteet ovat hidastaneet korjaustöitä.,https://img.ilcdn.fi/78FAPAbUIJZQVeEbu1bMWdvvYKs=/510x318/top/img-s3.ilcdn.fi/d316fd5d68fb14256c0934b27fabd397792e6133d2e779b178d85e07b1e6c165.jpg,0E6D6EA3FC344BB6B458F270B9D5A8F7
2025-12-31T10:00:14.000Z,IL seuraa: Outo kilpailu Tour de Skillä alkaa – Tätä ei ole ennen nähty,Iltalehti seuraa 5 kilometrin eräyhteislähtöä.,https://img.ilcdn.fi/Une79FSCBKZUUy5dMSalzNQhk04=/510x318/top/img-s3.ilcdn.fi/459b3c4646a170c50b86c876e6b55ad9d63c2d7046f1793f3b7c9c163596f9f9.jpg,6431943D8D0B40269C72B6F181D0E425
2025-12-31T10:02:40.000Z,Kuka oli Masked Singerin Riiviö? Vain todellinen viihdenero selvittää tämän jättitestin,Iltalehti toivottaa viihdevisan myötä hyvää uutta vuotta.,https://img.ilcdn.fi/vhyUWAUxxsVo00OOamXagt4OJ2U=/510x318/top/img-s3.ilcdn.fi/abc56b17a5443865945a2a39d5a280a325174316ff348411fb1ef01f4a4d1590.jpg,604F70A4A84B465BB0ABEDE449A39EE8
2025-12-31T10:09:43.000Z,Tämä venäläismies sai luvan: ”Toinen ei päässyt”,Saveli Korosteljovin ja Darja Neprjajevan suksia huoltaa Tour de Skillä yksi henkilö.,https://img.ilcdn.fi/KKMRFkUkB_IV6Iqtij__jP1T-QA=/510x318/top/img-s3.ilcdn.fi/2c48d50a95808cc9017e2a316fd2a08cbb5d9a816c2fd15df36c9a14bb826a09.jpg,A2250582494D4E1BA71D2DE4E84B5DC1
2025-12-31T10:12:40.000Z,Elisan merikaapelissa häiriö Suomenlahdella,Häiriö havaittiin keskiviikkona.,https://img.ilcdn.fi/bagwqS8BnnSvc1g6CITFUu7g1XA=/510x318/top/img-s3.ilcdn.fi/976037f98229874c58fc6fcfd8e791cd32720ce1046c2af455ea47bc3d077287.jpg,2DCA67AF026A4456ACF9CA983AFA71D8
2025-12-31T10:24:26.000Z,Suomalaisten suosikkikohteessa kaikki ahmivat pian viinirypäleitä – Tästä on kyse ,"Kun vuosi pian vaihtuu, Espanjassa syödään kasa viinirypäleitä kellontarkasti. Jos siinä onnistuu, on edessä vuosi onnea ja vaurautta.",https://img.ilcdn.fi/UBlOInt9TqLdCFLza5UqszX3HEI=/510x318/top/img-s3.ilcdn.fi/448e479e6e21c45e993d8f1fd28c63760e4797dcdd768b5639be2a7ff1d881ba.png,3FA369069D244A54A4CE09315A48D11A
2025-12-31T10:31:51.000Z,Purra: ”Vittumaisten ihmisten sietokykyni alkaa lähestyä pohjalukemiaan”,Riikka Purra kertoo sosiaalisessa mediassa kyllästymisestään tyhmiin ihmisiin ja kesällä juodusta ”rapsakasta kännistä” ,https://img.ilcdn.fi/NQJ9jTXrsx1jk3IdzyV_fBRCf9M=/510x318/top/img-s3.ilcdn.fi/e4a7b66e1180f0f3ba290ada429c065d651fd4de13738a98200c763bcf46e03c.jpg,BE8F784DFA2444D6B59AB9B83B629B28
2025-12-31T10:40:32.000Z,Nuoret Leijonat ennakkosuosikin kynsiin,Kanada on parantanut peliään U20-MM-kisoissa.,https://img.ilcdn.fi/XueGhXqvr6xznKrW1yhd4DtfjGk=/0x64:3000x1940/510x318/top/img-s3.ilcdn.fi/25d99ba9578dd668e552e4e072d96e535e3964b591bde558f7cc0dda72866769.jpg,11D0C600D68C40C39CC8F7A1BA46A45F
2025-12-31T10:46:49.000Z,Podcast: Kimmo Vehviläinen eli kuukausia kolmen tunnin yöunilla – ”Painajaismaista”,Kimmo Vehviläinen muistelee rankkaa ajanjaksoa.,https://img.ilcdn.fi/4CLRSfBedW-gBMMj6LUQi4B4kOw=/510x318/top/img-s3.ilcdn.fi/1353e19b00330e118e065dd76111d188947aed264bf6c9ada02773dcb3f9063d.jpg,946951E854C34EC6B1A99F16E44A4CDD
2025-12-31T10:54:42.000Z,"Näin traagisesti kuollut Aleksi Keränen, 33, kirjoitti juuri ennen kuolemaansa","Päätoimittaja Aleksi Keränen kirjoittaa, että valoa kaivattaisiin tänä talvena niin fyysisellä kuin vertauskuvallisella tasolla.",https://img.ilcdn.fi/r2CiHt8vH_cAORjpVlCsLATgPoc=/510x318/top/img-s3.ilcdn.fi/ba3536064cdb997276b589f843f5927ac4e839df176cf0948295054a687d88e8.jpg,F1DA5906ADCE4D8E9A972D5D5263F2D8
2025-12-31T11:01:43.000Z,Epäilyttävän aluksen epäillään vaurioittaneen Elisan kaapelia Suomenlahdella – Näin Stubb kommentoi,Kaapelin vaurioittamisesta epäilty alus on viranomaisten hallussa.,null,A200BFABF86C4EC1A5101E255A5AC865
2025-12-31T11:04:47.000Z,NHL-miljoonat pelissä – Nuorten Leijonien pelaaja erityisessä tilanteessa,Suomen alkusarja alle 20-vuotiaiden MM-turnauksessa päättyy klassikko-otteluun Kanadaa vastaan. Uudenvuoden yön ottelusta tullee myös nuorten maalivahtilahjakkuuksien välinen huima taistelu.,https://img.ilcdn.fi/mupb9OVo6bUFPfO6eNDa1ZGMqSc=/510x318/top/img-s3.ilcdn.fi/9fd3d8ef6f39cb97b7ffeec66492d7e61e87ae3307bf7efbcb128a4e51138e7a.jpg,2BD190BDADF347ED855CC6799A2D64D9
2025-12-31T11:16:01.000Z,Oletko nähnyt tätä naista Vantaalla? Ilmoita hätäkeskukseen,Nainen katosi Vantaan Havukoskelta 31. joulukuuta.,https://img.ilcdn.fi/e0kCmJE34lmlTZtmT-DVqlckHEw=/510x318/top/img-s3.ilcdn.fi/2caa489567e798ac80a04c2a80bcf1b125191f0ee2d76b430cc01b4e4deb2512.jpg,F00D500811534E64ACCF89AC91169E43
2025-12-31T11:19:20.000Z,Britannian kuningasperheelle pahaenteinen varoitus,Brasilialaisen ennustajan mukaan Britannian kuningasperhe kokee jotain suurta ensi vuonna.,https://img.ilcdn.fi/yYrSldnBS4uLMwXDDuU45T6fR8c=/510x318/top/img-s3.ilcdn.fi/2ac2efe29fd2204e1ba4c9c0dac39c56e1622bb22853b7c5caf67f7478011948.jpg,05A2CDFB73DF4157BBCAD5C484E32BDF
2025-12-31T11:22:28.000Z,Orpo kommentoi Suomenlahden kaapelirikkoa,Pääministerin mukaan hallitus seuraa tilannetta tiiviisti. ,https://img.ilcdn.fi/J-7kNR_D3VMxJHnAGj3rIaUtTXo=/510x318/top/img-s3.ilcdn.fi/bcd328728b0d93e8c10129b501b74cf87225dfbf9a40de0623fc327877f6b829.jpg,1028BB64157145EF964BD1590DEC01A3
2025-12-31T11:35:57.000Z,Nopeasti virtaa,"Jos haluat puhelimen akun nopeasti täyteen, tällä listalla on hyviä vaihtoehtoja. ",https://img.ilcdn.fi/M_JTnECBIqtQUCJlJrSszmYfZHg=/0x64:3000x1938/510x318/top/img-s3.ilcdn.fi/e896abcd7787a5b5fff42b2d950b64bfd9dc86b40530510fb98bd0ce0188a9e9.jpg,E191C041D58D400C9D6BB4691DE32A93
2025-12-31T11:36:30.000Z,Suomen NHL-lupaus passitettiin farmiin,Jani Nymanin pelit jatkuvat AHL:ssä.,https://img.ilcdn.fi/CVyeF8iVbjdCeL7WTlhSnObk7SU=/0x43:1999x1293/510x318/top/img-s3.ilcdn.fi/ab162f727b9e31983c58bdad8a5b993312095bfc7d5a29539b10220b02add8a8.jpg,29DC89E395F0476B8ED0F9C46C335521
2025-12-31T11:36:57.000Z,Zelenskyille tiukka varoitus,"Euroopan johtajat haluavat lepytellä Donald Trumpia, kirjoittaa saksalaislehti. Trumpin ja Zelenskyin tapaamisesta pelättiin toisintoa helmikuun verilöylystä.",https://img.ilcdn.fi/HALZvNUuxKHt-tdih8BcKgJNZak=/510x318/top/img-s3.ilcdn.fi/1c9c56804f8ca86088af250ec2cabc430c1b385f5f9f9a8da80c89b22263209f.jpg,55BCC40F1E2D4652999C63DB7B65695F
2025-12-31T11:44:55.000Z,1980-luvun laivojen suosikkidrinkki on taas hitti,Nämä vanhat hitit ovat taas suosittuja.,https://img.ilcdn.fi/J6LcyfXWBfVyD_ysj9KXpBTy7AQ=/510x318/top/img-s3.ilcdn.fi/08ec2c29b4b7e214bd77d2c2152a58c4076bc7ac6fbf7f337c8a700db119f14d.jpg,7F1FD6B83A894EAD96A7EE48B893913D
2025-12-31T11:50:35.000Z,Yksitoista upeaa autoa,"Alma News Median autotoimittajat kävivät läpi autovuoden 2025 ja kertoivat, mitkä koeajot tekivät suurimman vaikutuksen. Mukana on 11 huikeaa autoa, joiden ostamista todella voi suositella. Mercedes teki niin hyvän auton, että se pyyhkii monilla muilla pöytää. ",https://img.ilcdn.fi/nJXnpG_aNkxyZGJ4vSk448QYpZc=/0x23:3000x1899/510x318/top/img-s3.ilcdn.fi/6629fa7e96d99e69c95bb6c46b84ec4da0c07c5f92571f586a9744a19ef3c19d.jpg,4DEF2E6AD2484FB585287A41A5427F97
2025-12-31T11:54:47.000Z,Trump piikittelee Kennedyn sukua,Taidekeskuksen nimikiista on jälleen tapetilla.,https://img.ilcdn.fi/X5gX_W1rRJkiJrHglZHElCabZg0=/510x318/top/img-s3.ilcdn.fi/34a70fb964346a7be5a863ba3916183d78229e3021167e36e3aff72964092cfc.jpg,91EA720752A84A418615F8259113324D
2025-12-31T12:02:02.000Z,Nyrkkeilyottelu Tour de Skillä,"Kiertueen kolmas etappi oli viihdepaketti kaukana kestävyyslajin ytimestä, kirjoittaa Toblachista Santtu Silvennoinen.",https://img.ilcdn.fi/qCIJvJrvv00cetPTEvK0pkfVXxg=/510x318/top/img-s3.ilcdn.fi/cf399bc95592cf6317e802b3dac3eb6a290810975deb6a3663cc79a09d240569.jpg,9A783C501BE24D2AB7C68EAEB863DAA7
2025-12-31T12:15:29.000Z,Jari Saario: Karmea kokemus merellä,Soutaja heräsi kovaan kolaukseen.,https://img.ilcdn.fi/FXrjpKQYG8pfJFD8D_i_3xWliig=/0x375:3000x2250/510x318/top/img-s3.ilcdn.fi/bf06162a5287defe160ca79ffef01328f78f99da3717b5c4312b9dcba26d6efb.jpg,78C6E051E3BF410C873F20F3EDFC0E82
2025-12-31T12:29:31.000Z,Vesku Jokinen julkaisi bikinikuvan naisystävästään: ”Pitäkää kivaa”,Klamydia-yhtyen rokkari lomailee paraikaa etelän lämmössä.,https://img.ilcdn.fi/6xwW2kDw33-eXyxfrPz87dERXg8=/510x318/top/img-s3.ilcdn.fi/99847e3f1644ae329a027c5fafd2aca1af4bc81a84c308b2036bdae63f4d3cca.jpg,C4F09D2A44484D40B74DE5751B086019
2025-12-31T12:39:48.000Z,Tämä kaikki tiedetään kaapelirikosta epäillystä aluksesta ,Vahvistamattomien tietojen mukaan kaapelirikosta epäillään Fitburg-nimistä rahtialusta.,https://img.ilcdn.fi/LOqbt_J9A9dEw44i3OKNNIAyaWs=/510x318/top/img-s3.ilcdn.fi/488576fd7c2777bce86d50da36cbce545c36eed78e11f13c4465334d49c69f24.jpg,7518BBA989C34269B3EE24A39F1410D4
2025-12-31T12:42:08.000Z,Tässä on NHL:n arvokkain pelaaja,"Macklin Celebrini on matkalla harvinaiseen temppuun, kirjoittaa Aki-Petteri Pulkkinen.",https://img.ilcdn.fi/5a2kvJuYOWDDZP_K_qoG5YRdxvs=/0x0:3000x1874/510x318/top/img-s3.ilcdn.fi/b3cf600ea633d6e04e5ba2e76631f6dbbb5cc840507991fc7417e21c1fb877e3.jpg,5E845C3DDB8D4582B48C312289177A51
2025-12-31T12:48:23.000Z,Suomen viranomaiset kertovat kaapelirikosta – Suora lähetys kello 16,"Rajavartiolaitos ja poliisi kertovat yhteisessä tiedotustilaisuudessa, mitä kaapelirikosta nyt tiedetään.",https://img.ilcdn.fi/kYUjZiAV_2MvCrHeR1DNzwXzTfE=/510x318/top/img-s3.ilcdn.fi/58c79c993631095c6f024ff602bc3980b634234353585cc9858a676cb5c306e0.jpg,8585C77C6AC04D28870478610E07FC03
2025-12-31T12:59:02.000Z,Venäläismies aurinkolaseissa ilmestyi Tour de Skille – Röyhkeä toiminta paljastui,Hiihtäjä Saveli Korosteljov saa jäähyllä olevalta valmentajaltaan korvanappeihin ohjeita.,https://img.ilcdn.fi/vLA1PI13TLim8XAIt19zlurBhxw=/510x318/top/img-s3.ilcdn.fi/974fdf9c712683aa96bc4aaa11641b0de943d32e33ca980b3516a89af7316c7e.jpg,47907CEC9C8849EC915E6FD7CD0E567E
2025-12-31T13:06:05.000Z,Nolostuttaako Gmail-sähköpostisi? Tähän tulee muutos,Sähköpostiosoitteen vaihtaminen mahdollistuu Gmailissa. ,https://img.ilcdn.fi/uyVV0KHQ9HFsx0m920LKCyEaN2s=/510x318/top/img-s3.ilcdn.fi/2003b1820b3ffe607704a5a28c01314246494131b71324f70bc5c47be157b66b.jpg,2B2778F0279E4AC6B57533C989FD1049
2025-12-31T13:08:46.000Z,Suomalaispaukku Tourilla – Tässä selitys,Niilo Moilanen hiihti komeasti seitsemänneksi.,https://img.ilcdn.fi/r9dGkEzsYeZBLCtND5ku1G9cOoo=/510x318/top/img-s3.ilcdn.fi/96ac2b325c61ac16b766bf3b3ca555383332908c863c997abd45f6e86152f506.jpg,B5B9928C399B4CBCA1C38E9A4C1BC8F7
2025-12-31T13:13:54.000Z,Pääministeri Orpo IL:lle kaapelirikosta: ”Erikoinen sattuma”,"Petteri Orpo kertoo Iltalehdelle, mitä kaapelirikosta Suomenlahdella tiedetään tällä hetkellä. ",https://img.ilcdn.fi/z9IHU2FuOwt64V2iqqfKLXdURDs=/510x318/top/img-s3.ilcdn.fi/bbc6f505b083dbbf39600cf4b17e1e7d6a84b6fb65ca2c601c30ac795f877861.jpg,35E2788FAAE7473BA0449726FF709F84
2025-12-31T13:14:47.000Z,Ällistyttävä näky: Meri muuttui verenpunaiseksi Iranissa,Iranin edustalla sijaitseva Hormuzin saari on tunnettu punaisesta maaperästään.,https://img.ilcdn.fi/HkRRwONBepSOdzPtJkTBf8MNtoc=/510x318/top/img-s3.ilcdn.fi/24d60f34962307620d2c465e5c715b8c38a442458ea5ef9c6ec27f72f79d9e9c.jpg,3F61F4FB310148ADAA17735D71EE6A68
2025-12-31T13:18:08.000Z,16-vuotias poika puukotti kolmea tuntematonta tyttöä – Tällaisen tuomion hän sai,16-vuotias poika todettiin syyntakeettomaksi jo aikaisemmin.,https://img.ilcdn.fi/OGhBOZe4mnFco6Zq2tPvopQhgsI=/510x318/top/img-s3.ilcdn.fi/d52dd49f84f85886535ee166e7b91f8928eee8577e502e82347f8e135cc014b6.jpg,5B58151BD24F414CB7BB4785860B4CB0
2025-12-31T13:19:41.000Z,Pate Mustajärvelle iso muistolähetys,Edesmennyttä rock-muusikkoa kunnioitetaan Ylellä.,https://img.ilcdn.fi/DdwapY1J0JZF-3Ys-nfA1G-Qyc8=/510x318/top/img-s3.ilcdn.fi/c6c5d319e06e65e0e8de2fce2189f418f4332b511bf9ab7b820b4f57734a393c.jpg,13561B2165C547368CB2C87B5F8288AA
2025-12-31T13:33:53.000Z,Perttu Hyvärisen managerista pysäyttävä kuva julki: ”Ei helkkari”,"Hiihtäjän rahat ovat loppu, kun manageri pyörii videopeliporukoissa.",https://img.ilcdn.fi/JF_dXa8yNiZwck9zpsASbhhT7aI=/510x318/top/img-s3.ilcdn.fi/0a3d10126ef8742ea51136479fc1318db8db63f910584f0f713f62e79a0245f9.jpg,0F427709628649A1A04A7891F69A429B
2025-12-31T13:38:15.000Z,Johannes Klæbolle nöyryytys – Puhui suunsa puhtaaksi,Norjalaistähti pettyi kanssakilpailijoihinsa.,https://img.ilcdn.fi/dCvQEVeYRAeGQN4RV9DOHy7_a1U=/510x318/top/img-s3.ilcdn.fi/5342bcafa572f82485b5d59f96ef39dd614d0fa32b3deeec4ca1c0f04136ac2f.jpg,53F69F5EE38B42AB916F76A6B95EDB5B
2025-12-31T13:44:04.000Z,"4 vaatetta, joihin muodikas ei enää pukeudu","Vuoden vaihtuessa saattaa olla aika vilkaista myös omaan vaatekaappiin ja pohtia, josko osan sen sisällöstä haluaisi pistää kiertoon. Pyhät saattavat tarjota aikaa juuri tällaiselle projektille.",https://img.ilcdn.fi/k9fL6-EpS9xwz74jyFXuRC0SJEw=/510x318/top/img-s3.ilcdn.fi/5870d2da6e27b9e4e5125b40d23400185a2f8631d4656971a01a9a44d27e8bca.jpg,0314DDCA32324A3784811D0FB7807BC6
2025-12-31T13:51:12.000Z,Opettaja löysi päähän puukotetun lapsen koulun käytävältä – Soitti 112 ja kertoi ”ninja-asuisesta” pojasta,Hätäkeskustallenteet kertovat kaoottisesta tilanteesta Pirkkalan koululla viime keväänä. Lopulta hätäkeskukseen soitti puukottaja itse. ,https://img.ilcdn.fi/Wnd5YZ36Qznsy8-HH1ZeR0u4-6Y=/510x318/top/img-s3.ilcdn.fi/e11b1c71d53e7cd29d569b72ca4a69b3f3fb9842a482b591c98226dc785d5fd5.jpg,450E6901485A4131BFF04F07B9FCE9B8
2025-12-31T14:09:35.000Z,Video näyttää reitin: Fitburg-alus lähti liikkeelle Pietarista – Pian Suomenlahdella rikkoutui kaapeli,Rahtialus oli matkalla Israeliin.,https://img.ilcdn.fi/v_McO3ui3bHAvkyFy04dxp__uRY=/510x318/top/img-s3.ilcdn.fi/7eb08593bca20a55567f46afa94bafadabf1b10cff8bf711bdd63bf8d7b275fa.png,408294B2FE114671906917646B00FC8D
2025-12-31T14:19:12.000Z,Pieni talo preerialla -sarjan tähdet jälleen yhdessä – Fanit riemuitsevat: ”Liikutuin oikeasti vähän lukiessani tämän”,Melissa Gilbertin ja Melissa Sue Andersonin ystävyys ei aina ole ollut erityisen läheinen.,https://img.ilcdn.fi/DMs8RlSFCgKQztCyYaQWbCgoHPQ=/510x318/top/img-s3.ilcdn.fi/3b83d74ef18867421e43964098497e8da7fee2d7ac2950edea3565ee6dd26935.jpg,482C28A266D849D29D6FB87E9D0B0483
2025-12-31T14:19:18.000Z,Arvio Michael Schumacherin kuoleman seurauksista,"Richard Hopkins uskoo, että Schumacherista kerrotaan vielä lisätietoja.",https://img.ilcdn.fi/7aD7MZarmIlmYjmhQLS_AZgZ0Y0=/510x318/top/img-s3.ilcdn.fi/235ae5dc5eec119377cae2c4017333a22fb2737d9cb2de64ec0d6f95b3d2861b.jpg,67707D6381964A3AA11F8BAC4D2BF058
2025-12-31T14:41:56.000Z,Miten ison osan Suomen sähkönkulutuksesta vievät sähköautot?,"Traficom on myös paljastanut, kuinka paljon suomalaiset sähköautoilijat käyttivät rahaa sähköautojen latausasemilla vuonna 2024.",https://img.ilcdn.fi/TwJWPV01J-FUta-MX-XFOIndsLs=/510x318/top/img-s3.ilcdn.fi/3aff60f863b66d308fb53d3680fe98965b2a92f1ea5b505de99167db58744c64.jpg,7B8BD1329E6B4D85896AC80FBE917107
2025-12-31T14:54:23.000Z,Lukašenkalle tarjottiin laihdutuslääkettä ,"Yhdysvallat tarjosi Putinin lähimmälle liittolaiselle laihdutuslääkettä, kertoo The Wall Street Journal.",https://img.ilcdn.fi/PQyUISgFhbFV1QxcOp8PUF1ZiTk=/510x318/top/img-s3.ilcdn.fi/d084bde10894b8e09ac0630e95689d602e9883dd588121791591121c446951ee.jpg,71351AA0C81B428CB54406C83079918A
2025-12-31T14:57:40.000Z,Lauri Markkanen julkaisi herkän kuvan: ”Nauti jokaisesta hetkestä”,Lauri Markkanen julkaisi koskettavan kuvan kotoaan.,https://img.ilcdn.fi/bBABdgH-njzRNnBL186Chf2mqkE=/510x318/top/img-s3.ilcdn.fi/2d4837c960fc6f2330fd44ce34eaa604d76e411dc7079967bc800004af21b34f.jpg,64B569270B754A7C91A3EF94B19A8B84
2025-12-31T14:59:06.000Z,Erika Vikmanille komea tunnustus,Erika Vikman on valittu Euroviisujen tyyli-ikoniksi.,https://img.ilcdn.fi/FhZHzDXiWA0Cxk96z4L73DDm3SY=/510x318/top/img-s3.ilcdn.fi/8390d477b42f3f4edff97eb203ef595a0707d05ba23615bfff96f1dd9fcb5ca0.jpg,C2CC555A51EB4EB3846DEF7612D7E209
2025-12-31T15:03:04.000Z,"Stubb tekee taas puheessaan asian, jota kukaan muu Suomen presidentti ei ole tehnyt",Ennen Alexander Stubbia presidentit ovat pitäneet uudenvuodenpuheita vain suomeksi ja ruotsiksi.,https://img.ilcdn.fi/P-XZXnPNGida0O2VwjVy-rm7K3Y=/510x318/top/img-s3.ilcdn.fi/472cef5135333a03fd3a36f0c1b4280c2445c0852e6f97cc6934e4e312c0e05c.jpg,68DB34ED0B3A4D528089F514BEFC80A5
2025-12-31T15:26:35.000Z,Kerttu Niskaselta paljastus: Naiset paukuttelivat toisiaan ,Erämassalähtö ei ole suomalaisen suosikkimatka.,https://img.ilcdn.fi/p9686La9Cpeg9NtoFTKEq1zxu5o=/510x318/top/img-s3.ilcdn.fi/e1dba0c46c898a74285fab74f1cc1289093a739ffeaf318239b93557aff1f968.jpg,66BF588BF6154484AC610A96B10EF81C
2025-12-31T15:30:58.000Z,Mitä tapahtui Yksin kotona -elokuvan pikkupojalle?,Alex D. Linz ehti tehdä näyttävän roolin ennen kuin hän jätti Hollywoodin.,https://img.ilcdn.fi/Chmmcu5K1pIHnuhnOLcROdR_w-U=/510x318/top/img-s3.ilcdn.fi/6032868938cd344fbb4d398c1a0dffa56e4540b9ee6d76700dce0249d5244421.jpg,77453E3184D5414493EAAD9A93122FB6
2025-12-31T15:32:44.000Z,Jopa satojen eurojen edut vanhenevat tänään – Tällaisia ruuhkia se aiheutti,"Iltalehden haastattelemat viime hetken etujen lunastajat kertovat, mihin Epassin ja Edenredin työsuhde-eturahat käytettiin.",https://img.ilcdn.fi/IU6FoBCVkBdy3im5K8Szr7gmrx4=/510x318/top/img-s3.ilcdn.fi/2fb3f9d71bc94d92c6eff588a859759c079d802041d244ff09e398d8f02e13a1.png,100B73454B9E46BD83AF506322C680E3
2025-12-31T15:53:58.000Z,Kello 7.34 Suomen viranomaiset tekivät vakavan havainnon Fitburg-laivalla – Näin jättioperaatio eteni,Rajavartiolaitos sai tiedon Elisalta kaapelin vaurioitumisesta kello 5.45 keskiviikkoaamuna. Tästä käynnistyi suuri viranomaisyhteistyö.,https://img.ilcdn.fi/IE7DUKEGqaI1shfDgkqBiTxSZIk=/510x318/top/img-s3.ilcdn.fi/c1994a96656f4995760ae868cb7d48679309bec5b51cdfd08bfba9716fe9e8c4.jpg,22509607BDB34341B415C7C1FB8DA060
2025-12-31T16:01:25.000Z,Suomen parhaalta naiselta tuomio: ”Ei ole reilua”,Johanna Matintalo sanoo hyötyneensä eräjaosta. ,https://img.ilcdn.fi/1vukg6mg49JMSi1r9iHT5K2_Syo=/510x318/top/img-s3.ilcdn.fi/cda47128c8e16bb248a9913aa3625aa326fdf6f2ba8ee7a089e84b2423529cd8.jpg,478A2F7B5E6E460AAA99255A237CD599
2025-12-31T16:01:47.000Z,Sirpa Selänne julkaisi ihastuttavan perhekuvan: Tältä näyttää Terttu-äiti,Ex-jääkiekkoilija Teemu Selänteen vaimo julkaisi hurmaavan joulukuvan sosiaalisessa mediassa.,https://img.ilcdn.fi/ulEMPxOE9-TwcvwX1xx6PgzH8ZM=/510x318/top/img-s3.ilcdn.fi/8c63d1fb3e7689a5f816d0ba0ba01966ccc01e147750fd70ce8f316a7f1d4cf7.jpg,C9C134F7BE5F4BD993ECBC99AA53FC53
2025-12-31T16:16:50.000Z,Aleksander Barkov teki ison harppauksen kuntoutuksessa,Aleksander Barkov on palannut jäälle.,https://img.ilcdn.fi/fPU1FNF5aVvS6I9BhSzdC8QILuI=/510x318/top/img-s3.ilcdn.fi/edca18ad82faf5338d1f15d6fbab2cf0bf767cdec23b1a03828befaf0296ccf4.jpg,44B73796CAE24595B42CF304CC98442F
2025-12-31T16:27:29.000Z,Penikset voidaan jakaa kahteen ryhmään – Kumpaan kuulut?,"Tiesitkö, että erektion voi saada jo ennen syntymää?",https://img.ilcdn.fi/fJF_md-3ILcPIhVDeChAYnwR6eQ=/510x318/top/img-s3.ilcdn.fi/dbba2a885829ad684fc520f45034d318b94560c067eef25aab7ebb488d2dffca.jpg,54C5962CA1B14DE981266BACF678C531
2025-12-31T16:36:02.000Z,Janni Hussi ja Joel Harkimo erosivat – Näin he muistelevat kulunutta vuotta,Suomalaiset julkkikset valmistautuvat innolla uuteen vuoteen.,https://img.ilcdn.fi/hhcvN8E95yugYDp0PwRIxC00Rhc=/510x318/top/img-s3.ilcdn.fi/4ac4d4bc97fc79ba30cb86bf87f6d99382e0a5dd010853ce6d901da2739dcbe1.jpg,40D333D1995D4B898A5CC96AD4242F5B
2025-12-31T16:38:17.000Z,"Joku keksi käyttää Epassi-roposet seikkailupuiston tukemiseen – Yrittäjä ei uskonut, mitä tapahtui seuraavaksi",Sosiaalisen median julkaisu innosti suomalaisia käyttämään jäljellä olevat Epassi-etunsa seikkailupuiston tukemiseen.,https://img.ilcdn.fi/6Q84yi3eZmwzqJCc9JUq9lW_L-g=/510x318/top/img-s3.ilcdn.fi/19cac224ef625a02579b6d41f0c6e46563096807c62ee63ac5bea74954ab059d.jpg,A387EC6E58704BC4B42635F874B9095E
2025-12-31T16:38:56.000Z,Kanada sikaili jo – Mitä tapahtuu aattoyönä Suomea vastaan?,Suomi kohtaa nuorten MM-kisojen alkusarjan päätösottelussa 20 kertaa ikäluokan maailmanmestaruuden voittaneen Kanadan.,https://img.ilcdn.fi/SvPKSFPmTAAeUF1H1t_HxVP8FbM=/510x318/top/img-s3.ilcdn.fi/2e3e91bf13440cc6c0cbff1db995e96a0364bc227d4f0952171a29460b63b299.jpg,230B097114AA4E21BFB6857320D33E15
2025-12-31T16:51:25.000Z,Täällä kaapelirikosta epäilty alus on nyt – Katso tuoreet kuvat,Kaapelirikosta epäilty Fitburg-alus ankkuroitiin Kirkkonummen Kantvikin satamaan keskiviikkoiltana.,https://img.ilcdn.fi/-HLhH9KkyyLemj2lTj-9ZtQ6b08=/510x318/top/img-s3.ilcdn.fi/dc3c6fdef0771e9d8cf04dfdaeaaf89ea9c1ed64da70c9a6a8a82b779411c217.jpg,39E7FEE08B704E1D88C7C5991F918FA7
2025-12-31T16:52:58.000Z,Frida Karlsson romahti: ”Luokattoman heikko”,Asiantuntija paketoi Tour de Skin kolmannen etapin pääpuheenaiheet.,https://img.ilcdn.fi/udphu51r4nTtSC5wMYVkvEM8VGQ=/510x318/top/img-s3.ilcdn.fi/595de4893a0e05b0c9b45e7025eaf1ab09afc5b28fa0f04c7bdbb0cc84124f99.jpg,FBC3AF7E86414631ADD2A254AEA2D568
2025-12-31T17:10:03.000Z,Isiah Whitlock Jr. on kuollut,Näyttelijä Isiah Whitlock Jr. on poissa.,https://img.ilcdn.fi/7q8Y9MIOqiLdWi35zcG6FI611xY=/510x318/top/img-s3.ilcdn.fi/bd7f4cf847313bf3f31f510d6d9f53c785683bab75ec0d3255cfb38fece685ea.jpg,EC3C5931D81F40AE9510229E8D60AB44
2025-12-31T17:11:37.000Z,Tässä on Kanadan kivikova joukkue olympialaisiin – Yksi pelaaja herättää erityistä huomiota,Kanada julkaisi jääkiekkojoukkueensa olympialaisiin.,https://img.ilcdn.fi/KtZ7utFIfGfQ0M-frKPbV4VkN0o=/510x318/top/img-s3.ilcdn.fi/31037d4e626e28a077d2158d78b998678294b3deec7f37d77ed377d054848f00.jpg,23F0D8A84AC4402EA0A65EFB187ECE0F
2025-12-31T17:13:52.000Z,Vakava huhu leviää Helsingissä – Poliisi seuraa tilannetta,Raketteja on ammuttu viime vuosina toisia ihmisiä kohti.,https://img.ilcdn.fi/ty4lH85fyKqOyaWemWi28U74KU0=/510x318/top/img-s3.ilcdn.fi/46fa651a8235c7328f36296612909530c5a712a6a1a7f4efc2a60ca00d899904.jpg,1DB89E9FB08F431C89377A40F10B8F44
2025-12-31T17:15:15.000Z,Krista Pärmäkoski latasi kolkon arvion,Suomalainen ei saanut tilanteestaan selvyyttä keskiviikon lyhyessä kilpailussa.,https://img.ilcdn.fi/-iuffTxB046STbKBecJeIhJPq44=/510x318/top/img-s3.ilcdn.fi/6ebb5575371f3d2cb87d130b8713582b7eec992e96687104143fe20c58d2c755.jpg,D8233FC2E970482488FE39481799586A
2025-12-31T17:43:37.000Z,Lehti: Venäjällä kapina Putinia vastaan,"Venäläisyritysten ahdinko on saanut liike-elämän eliitin nousemaan kapinaan, brittilehti kertoo. ",https://img.ilcdn.fi/bKOTDoJN3-lk2wzp0tJ02U1BGeM=/510x318/top/img-s3.ilcdn.fi/e0476ff5b8bba5f1b68cf3d8faa066e9130eb2a6a9b22db4cab6bdd097b437e8.jpg,82FDDE713038477BAD599E7C9F694899
2025-12-31T17:51:09.000Z,Roberto Carlos kiidätettiin sydänleikkaukseen,Brassilegenda toipuu leikkauksesta São Paulossa. ,https://img.ilcdn.fi/hk1RKC_SXbeWZrVXRgCsigCW--k=/510x318/top/img-s3.ilcdn.fi/b58668c27abff05dabd5b9111a8eb0081fd0fa75375b7770c9530eb29e8ca8f0.jpg,715CEC9C31324D579F3AC499C98C98B2
2025-12-31T17:53:27.000Z,Vuoden seuratuin rakkaustarina päätyi eroon: Viimeinenkin yhteys katkesi loppuvuonna,"Vuoden seuratuin rakkaustarina päätyi eroon hyvin nopeasti sen jälkeen, kun siitä tuli julkinen.",https://img.ilcdn.fi/qJy1qVLCAlIe5WtG3d3zA3qC6eE=/510x318/top/img-s3.ilcdn.fi/b8dfe3d48b980726b76dc08ee927885f7a37aecc65232e39788b0526bb436b4b.jpg,7F577CEE50544BCE8E5EBC5EC9469F64
2025-12-31T18:08:27.000Z,Ilves julkaisi jatkosopimuksen,Mantas Armalis jatkaa Ilveksessä.,https://img.ilcdn.fi/xNsmRizIPPTj6AG-ylfoidSMsFA=/510x318/top/img-s3.ilcdn.fi/344b0043ca052d4bad674b50bd6a73da95925499954058a16b2a04de08420f11.jpg,86DF9651935A49AB9F302FD424FD5172
2025-12-31T18:15:22.000Z,Venäjä tarjoaa apua kaapelirikosta epäillyn aluksen miehistölle,Suomen poliisi on ollut yhteydessä kaikkien pidätettyjen miehistön jäsenten kotimaiden suurlähetystöihin.,https://img.ilcdn.fi/DAUCFqMFgBY1tWDbUbXxPOn29TA=/510x318/top/img-s3.ilcdn.fi/2f307d1e530aba4be9e98d0c18222b03319c312585dd59b839ae5c36be634226.jpg,DA32C487727B40B88C0C7285ACA78240
2025-12-31T18:25:00.000Z,Telia: Näitä asioita pelätään verkossa,"Suomalaisten suurimmat tietoturvahuolet koskevat tietomurtoja, informaatiotulvaa sekä huijausviestejä ja -puheluita.",https://img.ilcdn.fi/oivY20YX2KytV3_Vc6JxmnBAy7U=/510x318/top/img-s3.ilcdn.fi/b090fc4aeacbd4b78043dbdbac436e56c928e86538afc2f63e6803b68bc6fb43.jpg,9CADEBFC9F454DD29ACB0C0773962025
2025-12-31T18:32:47.000Z,Saitko sähköpostia tällaisesta osoitteesta? Älä vastaa ja tee rikosilmoitus,Kiristyksiin on kuulunut muun muassa työntekijöiden hengen uhkaaminen.,https://img.ilcdn.fi/LlGQcMmRF2ZAkf-wgl-3I3VFHdM=/510x318/top/img-s3.ilcdn.fi/53f29c465ea1419cc801012521a9ae93a121add585f24ab88c3b50fda5fa6207.jpg,FB0FD94AFE2E484280B9C8A61A607513
2025-12-31T18:42:29.000Z,Huippuhiihtäjä kyykytti toimittajaa: ”Todella nöyryyttävää”,Ruotsalaistähti Moa Ilar sai tahtonsa läpi ja Expressenin hiihtoummikko lähti ladulle.,https://img.ilcdn.fi/K4xpOAqdtI7v4y9L6uIyoztyPLQ=/510x318/top/img-s3.ilcdn.fi/01ca646c44685483cca081aa33bb35247b3a235fa3d7f062422e4fdb76fbfaba.jpg,A7D1F52F9F0248768714C67A98827AA3
2025-12-31T18:42:38.000Z,Koululainen todisti outoa näkyä ennen veritekoa: ”Mitä tää äijä oikein tekee?” ,Koulupuukottaja kirjasi tekemisiään muistiin myöhemmin.,https://img.ilcdn.fi/UcCQtr4L2aCzlNYtPNLVV5jgJr0=/510x318/top/img-s3.ilcdn.fi/75a0b0c96dab1bbabf2b4fd34442fb1d938b4f93eabfa2c0107a6b54ff874ff7.jpg,4F78C3935FDE4E8CBD8D3C60F48AC879
2025-12-31T18:48:33.000Z,Suomen joukkueelle karmea takaisku – Kapteeni ei pelaa,"Aron Kiviharju on sivussa Suomen ja Kanadan välisestä alkusarjan ottelusta, joka alkaa 1. tammikuuta kello 3.30 Suomen aikaa.",https://img.ilcdn.fi/g5-R-yL2hsyeg-na4LnnXBKeBJ4=/510x318/top/img-s3.ilcdn.fi/100bf4d724f43d1fe332e02f57991ab3afbe86c1234e776d5c362ba39708c8aa.jpg,65994987054345F085376752BC996DF0
2025-12-31T18:53:36.000Z,Xi Jinpingiltä kylmäävä uhkaus,Kiinan presidentti vannoi uudenvuoden puheessaan Taiwanin ja Kiinan yhdistymistä.,https://img.ilcdn.fi/Y60ayeN-K1oFxw_Cj93hYAvZ8yE=/510x318/top/img-s3.ilcdn.fi/c8b9b1a22edeafcebea5befb455f7a831b2294c7e7cbfd32953bdc9a3966e488.jpg,5C65058E884343D68EAE821F0C8F011D
2025-12-31T19:02:28.000Z,Prinssi Georgen silmät ovat herättäneet kysymyksiä,Prinssi Georgen silmien väri on kiinnittänyt monen huomion vuosien varrella.,https://img.ilcdn.fi/sGH7PBwQOZ98-BNQSD4MWe49DA8=/510x318/top/img-s3.ilcdn.fi/a7d0dc939db7d3169646fb36a046002d6d31eb717a2a4558986f225862f6a4f7.jpg,7AB1158318BE415CAC113FCFB0955C61
2025-12-31T19:06:46.000Z,Kohu roihahti Kanadassa – Fanit tyrmistyivät näistä valinnoista,Connor Bedard ei mahtunut Kanadan olympiajoukkueeseen.,https://img.ilcdn.fi/njXw0NaGeaRV9RzZ6OdP6zuCzMA=/510x318/top/img-s3.ilcdn.fi/9f680122444dc008852d08b8cbe5a0f8307d4e09df49af4e62bcd13aae749351.jpg,BA0AC78685874F0BB09390B509F52611
2025-12-31T19:12:38.000Z,Kiusallinen tilanne Ylen suorassa lähetyksessä – Näin Anniina Valtonen reagoi,Kaukosäädin teki tenän.,https://img.ilcdn.fi/8LApJ1jDxcON8KMkg1DouGqeOTE=/510x318/top/img-s3.ilcdn.fi/2561a3177101a08b13fd1935b874488039e249b17eb4a58b3cf0e218e6288495.jpg,9EA65E454BB847A1A9C4BFF1AC424F08
2025-12-31T19:27:15.000Z,"Kartano-Volvojen myynti loppuu jättimarkkinalla – ""Katkeransuloista""",Volvo lopettaa farmarimallien myynnin Yhdysvaltain markkinoilla. Uusien tilausten vastaanottaminen päättyy tammikuun 2026 lopussa.,https://img.ilcdn.fi/vn2cnV-Gvkn26XOORfaOLauymGw=/510x318/top/img-s3.ilcdn.fi/adf2e9361ec6f5c6c5c3981fb3b7b7ce661da3aa57baa9dbe5e526f06794acfb.png,52F43653B9FF4C96A8186E9278346AF7
2025-12-31T19:40:11.000Z,Valtteri Bottas julkaisi videon uimarannalta – Some räjähti: ”Pitikö sinun todella zoomata kotkaan?”,Valtteri Bottaksen uusin julkaisu sai somekansan sekaisin.,https://img.ilcdn.fi/lqjmWVK_56UTSr6J1s69LIU_a8g=/510x318/top/img-s3.ilcdn.fi/f95cbd582e165658b92549e86688f482d8e3b75c19ca398fdb9fd9f4d2ebd7ba.jpg,B17D8A0DE6C449FB976726C48DE792AB
2025-12-31T19:47:26.000Z,Ruotsin hovilta harvinainen kuva,Ruotsin kuninkaalliset toivottavat hyvää uutta vuotta.,https://img.ilcdn.fi/9E1qYYrgFIT41jk0hK22L0h8ScU=/510x318/top/img-s3.ilcdn.fi/46b078f417493a359027c564cd67e31756493d719816fc274127ec4a605f4c28.jpg,BF0E49C569EB4C19B2DA90FEEB861922
2025-12-31T19:54:39.000Z,Muuttiko Trump mieltään? Jakoi vihjaavan julkaisun Putinista,Yhdysvaltain presidentti Donald Trump on jakanut Venäjän presidentti Vladimir Putinia ankarasti ruotivan kirjoituksen omalla sosiaalisen median kanavallaan.,https://img.ilcdn.fi/Jb2IUGy_nkQbjTIRoMF5GZQfT2o=/510x318/top/img-s3.ilcdn.fi/ea7a63a08520965a83c6687cf8f8fc9cac99d6a62d88e6a16122dd6ceea25d29.jpg,8CC0A5F8FA0549E19D1CB2B533DD319F
2025-12-31T20:04:24.000Z,Varhain aamulla alkoi jättioperaatio Suomenlahdella – Tämä kaikki kaapelirikosta tiedetään nyt,Elisan kaapeli vaurioitui Suomenlahdella varhain uudenvuodenaattona. Epäiltynä on Fitburg-rahtialus.,https://img.ilcdn.fi/QEyZJTjTWRKGo7vq0Yr1-mXEPpk=/510x318/top/img-s3.ilcdn.fi/c3ffe9452eccd76bc91be6c1c4e0e47690b5aeb9064766346d4531fd53be7dd9.jpg,D91BCDB73B974E7E83AFBA3866AFCB5A
2025-12-31T20:09:05.000Z,Lähde: Yhdysvaltojen olympiajoukkueen uudet nimet paljastuivat,Kolmen jenkkipelaajan nimet paljastuivat.,https://img.ilcdn.fi/BDl-UbfnTgrznA7bOyiTljyeP2E=/510x318/top/img-s3.ilcdn.fi/f64b7a9e31a044ac7b4fe08e0094d6e08dd005bb344ef82d89132b338e0e7466.jpg,D6491399204B431A9872852DD0230CE2
2025-12-31T20:28:28.000Z,Nämä supertähdet kuolivat tänä vuonna – Katso koskettava video,Näille julkisuudesta tutuille tähdille sanoimme hyvästit vuonna 2025.,https://img.ilcdn.fi/4V88rTvPqA4dC9uv4eSYvsUDwhs=/510x318/top/img-s3.ilcdn.fi/13846192120746ac3124c6887629e5b3073e31970eb938948b710a8ef593476c.jpg,826472F0FA5B4C37A805B454C7EE15BB
2025-12-31T20:35:15.000Z,Paikallisviholliset tekivät kaupan NHL:ssä,Penguins ja Flyers tekivät vaihtokaupan NHL:ssä.,https://img.ilcdn.fi/_xzGvRBQYyaSmIgGqjnita3s9ZM=/510x318/top/img-s3.ilcdn.fi/0a010c9607d5512424c477cc2a012c6eda26774ac6ce4bcd1e71d676f9a10d76.jpg,C9785962EF9442D1960D2CC2515DF1AD
2025-12-31T20:35:30.000Z,USA:ssa superinfluenssa – Tällaisia ovat oireet,"Yhdysvalloissa leviää superinfluenssa, vatsatauti ja hinkuyskä. ",https://img.ilcdn.fi/5Cu7AMt4VnqDDV8DkYgv3GJHvQM=/510x318/top/img-s3.ilcdn.fi/971719f5d37e59292b4aff0c5da72bd6651d702d4d8011b049b713aa88f8aadc.jpg,EC895852BDB04D3DA708268E9D9036F2
2025-12-31T20:46:28.000Z,Kova yhteenotto ladulla – Syyte Suomen mestarille,Itävallan sprinttihiihtäjä Erik Engel on tällä kaudella kolaroinut Joni Mäen ja Lauri Vuorisen kanssa. Kuohuttavin episodi sattui Rukan maailmancupissa.,https://img.ilcdn.fi/elznu3fDtUFGiek5RMda4gmz8RM=/510x318/top/img-s3.ilcdn.fi/3a2e1f87eabcf42eb4d39cc5dd736ec1c141f88131207dd52c7acc3b7bdbaa90.jpg,0C5E4117D60C4C0D8D54BCADFDC85133
2025-12-31T20:57:42.000Z,Kova kanta Virosta: Valmis upottamaan Venäjän varjolaivaston aluksia,Virossa valmistaudutaan koviin toimiin Venäjän varjolaivaston aiheuttamaa uhkaa vastaan.,https://img.ilcdn.fi/4f0mToKSfatHJb2yrLVxJxcsEWs=/510x318/top/img-s3.ilcdn.fi/de52184f39001fb494f30a0467b7958da02a34f1172a531547b9c092736b7e90.jpg,9F07F58F8A674897A247BF286BEAB931
2025-12-31T20:59:55.000Z,Raju video: Nuorison raketti sytytti auton palamaan – Poliisi teki kiinnioton,"Silminnäkijän mukaan nuorisoporukka oli ampunut raketteja Töölössä, kun yksi raketti lensi kadulle pysäköidyn auton sisälle.",https://img.ilcdn.fi/Eoktl1RBb-6WMICbshC4hy6tO2Q=/0x810:1536x1770/510x318/top/img-s3.ilcdn.fi/34212e8678ddad9e02a4c880bdee0aae9048eea0dc80c5d0a6d811dac8c742a6.jpg,F0BFA2D1A02D412C88F15EEEC1E627D8
2025-12-31T21:07:05.000Z,Britney Spearsilta kova kuitti perheelleen,Britney Spears vietti tänä vuonna joulua Jayden-poikansa kanssa.,https://img.ilcdn.fi/__X7SUP94MvrzfcMoXIc1hOvIAA=/510x318/top/img-s3.ilcdn.fi/a60721edf56eb9c8e39b3d0d0a0f7c395326c8f197fbb90fa437b1eef7d56678.jpg,C251ECADBC92475D89A46BDB09973534
